mission_status,mission_eligible,mission_completion,mission_loss,lissajous_start_s,lissajous_end_s,trial_id,replicate_id,com_scale,payload_x_factor,payload_y_factor,payload_mass,payload_pos_x,payload_pos_y,payload_pos_z,true_com_x,true_com_y,true_com_z,measurement_seed,torque_seed,force_seed,position_rms,position_rms_x,position_rms_y,position_rms_z,velocity_rms,attitude_rms,attitude_rms_x,attitude_rms_y,attitude_rms_z,peak_attitude,angular_acc_command_rms,mean_dob_norm,final_com_error,final_com_error_x,final_com_error_y,final_com_error_z,moce_convergence_time,max_motor_utilization,max_servo_angle,saturation_time,terminal_altitude_m,terminal_tilt_rad,terminal_airborne,numerical_success,flight_success,success,failure_reason,runtime_s,mission_position_rms,mission_velocity_rms,mission_attitude_rms,mission_peak_attitude_error,mission_com_error_rms,mission_final_com_error,mission_max_motor_utilization,mission_motor_saturation_fraction,mission_max_servo_angle,mission_max_servo_rate,mission_servo_angle_contact_fraction,mission_mean_dob_norm,mission_dob_rms,mission_position_rms_x,mission_attitude_rms_x,mission_position_rms_y,mission_attitude_rms_y,mission_position_rms_z,mission_attitude_rms_z,mission_motor_1_max_utilization,mission_servo_1_max_angle,mission_motor_2_max_utilization,mission_servo_2_max_angle,mission_motor_3_max_utilization,mission_servo_3_max_angle,mission_motor_4_max_utilization,mission_servo_4_max_angle,mission_allocation_force_residual_rms,mission_allocation_force_residual_max,mission_allocation_torque_residual_rms,mission_allocation_torque_residual_max,mission_realized_force_residual_rms,mission_realized_force_residual_max,mission_realized_torque_residual_rms,mission_realized_torque_residual_max,mission_allocation_min_singular,mission_allocation_condition_max,mission_allocation_rank_min,steady_position_rms,steady_velocity_rms,steady_attitude_rms,steady_peak_attitude_error,steady_com_error_rms,steady_final_com_error,steady_max_motor_utilization,steady_motor_saturation_fraction,steady_max_servo_angle,steady_max_servo_rate,steady_servo_angle_contact_fraction,steady_mean_dob_norm,steady_dob_rms,steady_position_rms_x,steady_attitude_rms_x,steady_position_rms_y,steady_attitude_rms_y,steady_position_rms_z,steady_attitude_rms_z,steady_motor_1_max_utilization,steady_servo_1_max_angle,steady_motor_2_max_utilization,steady_servo_2_max_angle,steady_motor_3_max_utilization,steady_servo_3_max_angle,steady_motor_4_max_utilization,steady_servo_4_max_angle,steady_allocation_force_residual_rms,steady_allocation_force_residual_max,steady_allocation_torque_residual_rms,steady_allocation_torque_residual_max,steady_realized_force_residual_rms,steady_realized_force_residual_max,steady_realized_torque_residual_rms,steady_realized_torque_residual_max,steady_allocation_min_singular,steady_allocation_condition_max,steady_allocation_rank_min
mission_completion,True,True,False,20.01,80.01,0,0,nan,-1.25,-1.25,0.5,-0.3875,-0.3875,0.56,-0.04122340425531915,-0.04122340425531915,0.059574468085106386,7000,7001,7002,0.070732653045513,0.04464704449932916,0.051043444361866475,0.020107620744605346,0.14154714184345094,0.014933187039506973,0.00850735622041467,0.0071520665274101,0.009973610664316665,0.04009736370174369,4.233172557166229,1.8410291557171656,0.007080177222268174,0.00032570400707109676,0.000879610717331121,0.007017771112287657,nan,0.432769721383152,0.387192762157131,0,0.7794269079181265,0.015287996124486319,True,True,True,True,normal_completion,6.313433789000555,0.07632377290156346,0.1486615616166222,0.03767287983544208,0.2619285047273727,0.02202182729907519,0.007087638282035898,0.454853459057627,0.0,0.6787300548318638,8.031416523622225,0.0,0.20119609530669297,0.2509999202443191,0.04577427527016803,0.01149592297226885,0.058213498031396325,0.012763372171072294,0.01847221373763666,0.03352888248859507,0.2283940368389046,0.6787300548318638,0.36960651600731786,0.2977324660000683,0.454853459057627,0.2629242739910938,0.37766636985236524,0.2924556409211438,0.5177612434518789,5.67289350112935,0.182826677307175,4.015764227969989,24.225108898563494,31.46374661529991,0.3885935189569936,2.7671888983246413,0.8202480501208608,1.4164483862824166,4,0.07073507190687589,0.14154817438994555,0.014935826964884522,0.04009736370174369,0.003993762611474256,0.007087638282035898,0.432769721383152,0.0,0.387192762157131,3.144888539415898,0.0,0.15402023485885125,0.1670211643087475,0.044641250511946506,0.008507827698443078,0.05105245091363508,0.007157412483499119,0.020106128570946173,0.009973326502207142,0.14678027081729214,0.387192762157131,0.2966489724784392,0.2288928083922184,0.432769721383152,0.13829610148147092,0.2926519086799949,0.23070862067107456,0.10255965318040267,0.36526968057877696,0.02801605122753693,0.12920439135550243,25.938434315185386,31.46374661529991,0.2668340079940596,0.6975194670873249,0.8483041802806806,1.33569593216466,4
mission_completion,True,True,False,20.01,80.01,1,1,nan,-1.25,-1.25,0.5,-0.3875,-0.3875,0.56,-0.04122340425531915,-0.04122340425531915,0.059574468085106386,7003,7004,7005,0.07260617816065063,0.04442702050563913,0.05417985086349333,0.019037875839948145,0.15312479482821656,0.01548363823107255,0.009739976727307574,0.00974089080161291,0.007070428036073253,0.035983578101744795,4.521143403403187,1.8023077649369794,0.0009936923512558677,0.0007412125870101816,-0.0003150361714124167,-0.0005820486238312869,nan,0.4358506048803482,0.42829394474648075,0,0.7972427718717997,0.006887260470276344,True,True,True,True,normal_completion,6.3643630220003615,0.06760806263287254,0.145816696717896,0.0196694429323447,0.0552151314437111,0.026944821520404318,0.000992017801289659,0.45539677444027127,0.0,0.5023709118997676,3.6450862105540005,0.0,0.19195033805049522,0.22177917019245727,0.03994058204502732,0.011681233359519663,0.05135345999048308,0.012872839331677448,0.018396254669924273,0.00920466077647775,0.15223959084618247,0.5023709118997676,0.28727073448314727,0.300439210489132,0.45539677444027127,0.17989985831543825,0.29651402764570367,0.30086078676851097,0.14645877647046157,1.1333695969368591,0.06581851181862432,0.6487898997747699,24.310771903119512,31.656874468543283,0.3356329848370521,1.0719544438549866,0.8136232185704197,1.4347031156573378,4,0.07262823016900463,0.1530844532406335,0.0154780143601425,0.035983578101744795,0.0033011131543744555,0.000992017801289659,0.4358506048803482,0.0,0.42829394474648075,2.9099425067385987,0.0,0.15160521166106963,0.1682453976402238,0.044430093511365246,0.009735309457535802,0.05420576288504072,0.009737014884751928,0.019041057693941193,0.007069881147014476,0.14305480791522115,0.42829394474648075,0.27907610305242,0.24815547271265642,0.4358506048803482,0.17750601479577155,0.28424035613467746,0.2289297993100081,0.1434723501889214,1.1333695969368591,0.04089837731955627,0.27496750175282236,26.090822140597194,31.656874468543283,0.2741163954303437,0.8452884804351574,0.8468887312400936,1.3395881089902966,4
mission_completion,True,True,False,20.01,80.01,2,2,nan,-1.25,-1.25,0.5,-0.3875,-0.3875,0.56,-0.04122340425531915,-0.04122340425531915,0.059574468085106386,7006,7007,7008,0.07739278126817886,0.04787154220335254,0.05709039162310875,0.02094385885687948,0.14773767138516739,0.01692977505856174,0.009727434372335647,0.007281683562472158,0.011788612664831496,0.04238268280006171,4.282944654691817,1.5345373129323865,0.005376493260411611,0.00036174841694035925,0.00033979685858217396,0.005353536770863754,nan,0.4327044344622167,0.3570931282336235,0,0.767109039354558,0.0045028748040426315,True,True,True,True,normal_completion,6.398552525000014,0.07551928365684626,0.15131525505907403,0.021158481168746354,0.04582386414040452,0.024742205854736393,0.005368951446489226,0.4364950101858653,0.0,0.5334071941255669,2.8933003841688953,0.0,0.195024617681758,0.22622843452455577,0.04177229444771578,0.011295538326619186,0.05974171957677396,0.013563109253323678,0.019727254310385987,0.011667656434026357,0.1553136777487196,0.5334071941255669,0.296055011241249,0.2953240718897112,0.4364950101858653,0.2109772793976964,0.29421921411783847,0.27189743272097916,0.15488803963560094,0.8995196911551058,0.0629780241086785,0.4932483340456295,24.220873173740856,31.235987067916383,0.3345661006716449,1.058126636736758,0.8155441293150911,1.4289249600180771,4,0.07739411465805418,0.14779006553764998,0.016928345539118483,0.04238268280006171,0.0038191699798329755,0.005368951446489226,0.4327044344622167,0.0,0.3570931282336235,1.835666755769165,0.0,0.12991016201089017,0.1433879822741359,0.047882871736205826,0.009725594928485399,0.05708341715004294,0.0072804542186037675,0.020941897346522385,0.011788836768300184,0.1445355771986825,0.3570931282336235,0.294946762347765,0.26076818995939555,0.4327044344622167,0.1277423922911678,0.291917174105091,0.27189743272097916,0.12461469130978697,0.4395568101333822,0.03232405052031095,0.131353616212491,26.096400059124154,31.235987067916383,0.26514669635846794,0.7545059246930169,0.8456507014712715,1.344158485311586,4
mission_completion,True,True,False,20.01,80.01,3,3,nan,-1.25,-1.25,0.5,-0.3875,-0.3875,0.56,-0.04122340425531915,-0.04122340425531915,0.059574468085106386,7009,7010,7011,0.07290647869509245,0.03904637463262261,0.05879817495136917,0.018262253041589314,0.14464761540466628,0.014497595330689759,0.009036295299185941,0.008495326273423172,0.00750700134184304,0.0325823985076433,4.4452955303271295,1.9396890505944384,0.009848306454304607,0.0017974644155546796,7.407879158485148e-05,0.009682601614511968,nan,0.43611337490899843,0.405383195851114,0,0.7941273383842044,0.029187439679043317,True,True,True,True,normal_completion,6.416015783999683,0.07721162561600936,0.1560648485360903,0.02020646012443708,0.054914020613247946,0.024920981497942456,0.009860974652090031,0.45101470640163943,0.0,0.6693826997056948,3.048290153054934,0.0,0.20602850772887643,0.23358552568336105,0.042038111217015395,0.011218056819282504,0.06206573377631191,0.013144408177152995,0.018500730428299604,0.010472858522495592,0.15863400650224319,0.6693826997056948,0.2943437087320521,0.33803754479625564,0.45101470640163943,0.2507816513625619,0.2871044946319309,0.3028375416092125,0.18807787351565905,1.9984428417227793,0.06777336669252292,0.6906772684830648,24.290667095494396,31.547903513058348,0.33251750511754097,1.050065234963086,0.8238153351141156,1.403618109659943,4,0.07290878374054915,0.1445661411730874,0.014513525373159763,0.0325823985076433,0.004505040762924843,0.009860974652090031,0.43611337490899843,0.0,0.405383195851114,2.273804001296201,0.0,0.16560309665242362,0.18423569147553265,0.03905298442452099,0.00904540771331016,0.05879882883246814,0.008509570432418281,0.018255215199892903,0.007510674344761183,0.15383413839083024,0.405383195851114,0.2893948190319437,0.19176920513080714,0.43611337490899843,0.1615427845756883,0.27902684887089285,0.20382505274540139,0.13354988680643226,0.7450344898640111,0.03305965109071386,0.1310156496071544,26.1110980337775,31.547903513058348,0.27866392499870324,0.6566682664140102,0.8484140015096345,1.3348416706928408,4
mission_completion,True,True,False,20.01,80.01,4,4,nan,-1.25,-1.25,0.5,-0.3875,-0.3875,0.56,-0.04122340425531915,-0.04122340425531915,0.059574468085106386,7012,7013,7014,0.07712830762140115,0.04818205360852136,0.05636315038825721,0.021224062403737906,0.1610090594960268,0.01578549437419139,0.008885990287220893,0.007088729830876835,0.010953123693169968,0.037398550171581266,4.2469591353920215,1.7399781197219184,0.005679747378873266,-0.0005721675669948037,0.0011788057881323075,0.005526533405034548,nan,0.43171336058589027,0.47885880157915467,0,0.7926394894201637,0.005523537845094011,True,True,True,True,normal_completion,6.465011935999428,0.0752683702608015,0.1556144893386344,0.019260610572072654,0.049517122081433156,0.019248552081155258,0.0056870921802293405,0.43646435468821076,0.0,0.6408314312427972,3.1573912372313178,0.0,0.1986188111287828,0.23337588117057753,0.04470714215505709,0.012511486491697591,0.05743073846467542,0.010095016864415336,0.0191913856051791,0.010607754705133204,0.15390084828980463,0.6408314312427972,0.2960391787296409,0.3126567232051324,0.43646435468821076,0.25936147749161065,0.29374980504908454,0.3325863076156562,0.17486109044661938,1.305310353089041,0.06217628205757786,0.4113235584119924,24.25117489608408,31.023102926921784,0.3204983479579602,1.039328906213894,0.8059778144521405,1.457687330971341,4,0.07713058123075373,0.16103790979890106,0.01578186946737954,0.037398550171581266,0.0020106545304681327,0.0056870921802293405,0.43171336058589027,0.0,0.47885880157915467,2.2451390962860356,0.0,0.1486311425611343,0.16412868561614372,0.048170487674967566,0.008886163241493758,0.05637479476773656,0.007086719734045009,0.02122765161399816,0.010949059783471306,0.14575666643476257,0.47885880157915467,0.29043762361580827,0.17611264267362098,0.43171336058589027,0.17282848745454726,0.29374980504908454,0.17731743301429204,0.15771419594771346,0.9489595775771164,0.04143249864304029,0.2828063890960092,25.96286896406148,31.023102926921784,0.26519012063478126,0.7029642239031524,0.8477385201154414,1.3361545692360572,4
mission_completion,True,True,False,20.01,80.01,5,0,nan,-1.25,-0.625,0.5,-0.3875,-0.19375,0.56,-0.04122340425531915,-0.020611702127659576,0.059574468085106386,7000,7001,7002,0.07085599229846087,0.04484678421582224,0.05103621791718789,0.020115716512427103,0.14164257014093584,0.014206750971656145,0.008121731473066699,0.006985728163000256,0.009331069235769058,0.03765799689298604,4.153647033746437,1.8511980786051605,0.006201367276704748,0.0003244128292872739,0.000864642088170036,0.006132218723769012,nan,0.40456033324679247,0.30406381463903526,0,0.7793567577794113,0.014320537925911182,True,True,True,True,normal_completion,6.355037399000139,0.07493985717147458,0.14757168418381547,0.01825281703398619,0.06217377151617912,0.023056364920132615,0.006208759674528291,0.40456033324679247,0.0,0.5244219128219956,3.0539353410360017,0.0,0.18699185208514055,0.21307045136594038,0.04483584023977207,0.009885839502898565,0.057138764297830755,0.011833388227522623,0.018463240165030252,0.00976762151477194,0.1819499703106402,0.5244219128219956,0.32908806651948963,0.21220382217659664,0.40456033324679247,0.2742529716235214,0.25585888265139745,0.2498299630031689,0.16196714932009143,0.9699571959105668,0.055108752380961495,0.5127849796898384,24.21792377423544,31.476440153612753,0.3234266882738149,1.240478926253558,0.8554585828626594,1.326001964605099,4,0.070858479214002,0.14164661159923703,0.014208955110398153,0.03765799689298604,0.003530834028423419,0.006208759674528291,0.40456033324679247,0.0,0.30406381463903526,1.1135433297782567,0.0,0.15460275011630892,0.1676229657520594,0.04484125229778145,0.00812131837442574,0.051045121435969114,0.006990751138688113,0.020114217520824137,0.009331023079354992,0.18194948676774614,0.30406381463903526,0.32908806651948963,0.21220382217659664,0.40456033324679247,0.1463817313793557,0.2555876576347045,0.2498299630031689,0.09584165149940539,0.36152081017313265,0.025661800302529073,0.088538850615479,25.939157121854624,31.476440153612753,0.2668902166066124,0.6860536371277208,0.884401071703861,1.249980824359448,4
mission_completion,True,True,False,20.01,80.01,6,1,nan,-1.25,-0.625,0.5,-0.3875,-0.19375,0.56,-0.04122340425531915,-0.020611702127659576,0.059574468085106386,7003,7004,7005,0.07294124714743058,0.04463170269128996,0.05446247340048845,0.019033539907225294,0.15356351458402487,0.01495624242652892,0.009097055985826743,0.009696876788005546,0.006848601351376568,0.03681262970400716,4.422738207553677,1.7940505411635148,0.0015289779931576444,0.0007445020495501359,-0.0002998784133144139,-0.001301369793334721,nan,0.3988108210968133,0.3537005096903423,0,0.7972539874395437,0.0050832270369860245,True,True,True,True,normal_completion,6.3725855650000085,0.06783780456398998,0.1459549713890314,0.01863098056317888,0.05300398431530553,0.027270959954191328,0.0015292204574224705,0.41213630028541326,0.0,0.40338619826102073,3.8340668355489047,0.0,0.1898905618661147,0.2192459537271833,0.0401254335250634,0.010965105968217093,0.05151063214789423,0.01276305177312091,0.01840032848109358,0.007999024771055175,0.1866828600650939,0.40338619826102073,0.32368520718531485,0.2594666433758642,0.41213630028541326,0.196769186573574,0.26207658832794556,0.32743843607495204,0.13269688653594744,0.8687195484623089,0.06294691474437736,0.6613618391054383,24.31139696101329,31.69150038074797,0.33296557321682513,1.0753510513657754,0.8477294869454907,1.3469236464143493,4,0.07296416080702965,0.1535230475851793,0.014948846250864166,0.03681262970400716,0.0036052202298058546,0.0015292204574224705,0.3988108210968133,0.0,0.3537005096903423,1.8995029673128228,0.0,0.15102643385995498,0.1677926308510397,0.04463468866681151,0.009092460601675897,0.05448960077690809,0.009691424678844008,0.019036720753955152,0.006846272864357698,0.18137166006013328,0.3537005096903423,0.3172776162541224,0.21432504794824198,0.3988108210968133,0.19235458477643935,0.25536968577636976,0.2517857189833435,0.12389179079220282,0.8687195484623089,0.03497948737398765,0.18124116953729832,26.091898580154087,31.69150038074797,0.2723598912870616,0.8454929898837099,0.8832527485848125,1.2526555871036762,4
mission_completion,True,True,False,20.01,80.01,7,2,nan,-1.25,-0.625,0.5,-0.3875,-0.19375,0.56,-0.04122340425531915,-0.020611702127659576,0.059574468085106386,7006,7007,7008,0.07763262656040405,0.047992339118984845,0.057314567478673556,0.02094278986401012,0.14813019275432476,0.01619585825425406,0.009209339753359363,0.007341766848675681,0.011117209426774858,0.03812338509267299,4.219716576384042,1.5192423776395998,0.004795357011048709,0.00040357285564476125,0.0003447145178218543,0.004765894429674622,nan,0.3999947001528881,0.31119486285396997,0,0.7671698323497937,0.00522236118320237,True,True,True,True,normal_completion,6.323943041000348,0.07567005914670204,0.1512962003477099,0.01983615285445273,0.04371634734503713,0.0250618353663128,0.00478814295437642,0.40387939508835563,0.0,0.38440667143041174,3.110764850026303,0.0,0.19241163623944565,0.2232902185681811,0.04197019398939579,0.010627078133151528,0.059791358700407936,0.013510621224243548,0.019734591268050706,0.009899559816078974,0.19219436902103593,0.38440667143041174,0.33340142917048,0.2614519796445385,0.40387939508835563,0.21850457935087006,0.25438447758071736,0.31119486285396997,0.1365678459768383,0.635995243032454,0.059433345871717815,0.5049192653130256,24.2216070724497,31.23423717268984,0.33214368780967685,1.0473700164856528,0.8525460832061099,1.3338001837620752,4,0.07763375971891018,0.148182991230144,0.016194972722834603,0.03812338509267299,0.0037396455854886643,0.00478814295437642,0.3999947001528881,0.0,0.31119486285396997,1.0879924746755434,0.0,0.12855176685511288,0.14198589265206696,0.048003241297114384,0.00920715949675017,0.05730768606526614,0.007342202636068254,0.020940835487377126,0.01111743747208287,0.18013424441920833,0.2856931411399767,0.33340142917048,0.2367823634214017,0.3999947001528881,0.13581647027455443,0.2525431721226404,0.31119486285396997,0.11825282410917128,0.45625175395296935,0.029764125860961773,0.0994919159383348,26.096709061047907,31.23423717268984,0.2644271554487813,0.7545197807852773,0.8816956776539859,1.2575108058475954,4
mission_completion,True,True,False,20.01,80.01,8,3,nan,-1.25,-0.625,0.5,-0.3875,-0.19375,0.56,-0.04122340425531915,-0.020611702127659576,0.059574468085106386,7009,7010,7011,0.07333980492277148,0.03921249080654402,0.05922552670891412,0.018260463764882263,0.14500382465815134,0.013873484914236818,0.008411472355934124,0.008475650099930655,0.007062865697042357,0.031225446330857925,4.342950523113276,1.9256101818040527,0.009141666738806129,0.0018053980190155736,5.25966430504482e-05,0.008961464297170901,nan,0.4051617395652377,0.34330973014337923,0,0.7941533609191622,0.026254373755709937,True,True,True,True,normal_completion,6.327135583000199,0.07721499642835561,0.1557675834741613,0.018786556645545575,0.04940713610954943,0.025153613963449017,0.009153763330843915,0.4059115438855364,0.0,0.5291853487254864,3.3339120480002356,0.0,0.20355390866341333,0.23041533176242535,0.042043539096720574,0.010470951981486735,0.06206715529908178,0.012968111095084988,0.018497695173538817,0.00866729310818697,0.19625749031923795,0.5291853487254864,0.3279607686781935,0.30974171949352786,0.4059115438855364,0.25678072184816514,0.2485637053369414,0.31891681320712617,0.14980213593920833,0.9021882042123792,0.061782572533495825,0.6759000928141059,24.290385273772802,31.527617951044103,0.32886703700552844,1.0216058174330325,0.8595819694759391,1.3164041323559685,4,0.07334213487721493,0.14492828832990187,0.013886364947933784,0.031225446330857925,0.004082070827611312,0.009153763330843915,0.4051617395652377,0.0,0.34330973014337923,1.67673441948432,0.0,0.16436449268553086,0.1830658205806933,0.039219018263158795,0.00841841134098181,0.05922625316681843,0.00848754104819164,0.018253445993607172,0.0070656301146107894,0.185202680774479,0.34330973014337923,0.3279607686781935,0.1739025414709059,0.4051617395652377,0.17513749881372281,0.24607105013803643,0.22860415090247557,0.11967891922572636,0.7097584956284635,0.02914146469434787,0.09686882528202931,26.11190705820499,31.527617951044103,0.2772974691332957,0.652992263099983,0.8854053988098596,1.246977038897974,4
mission_completion,True,True,False,20.01,80.01,9,4,nan,-1.25,-0.625,0.5,-0.3875,-0.19375,0.56,-0.04122340425531915,-0.020611702127659576,0.059574468085106386,7012,7013,7014,0.07749942812808326,0.04853870533071094,0.05656377212125713,0.02122958144695399,0.16135255408566182,0.014664842896480935,0.008430920137141163,0.006809550879843779,0.009879636614493148,0.03226522777075886,4.158985225118686,1.7107057744821998,0.004880168941400236,-0.0005629049243541934,0.0011981839418685157,0.004697184495439127,nan,0.3906075811120612,0.3916898209580756,0,0.7925867219847241,0.004965935672465964,True,True,True,True,normal_completion,6.33348150799975,0.07540137805449186,0.1555839318826683,0.01804806284335599,0.04742308916432552,0.019546741094627288,0.004886724422060797,0.3955214932755206,0.0,0.5294277705942527,3.32853148943001,0.0,0.195420132393129,0.22971865976124084,0.04485269412116738,0.012036862535258387,0.05748923081653916,0.009927629715493552,0.01919874950907193,0.009071310872033302,0.18625063280003784,0.5294277705942527,0.3350780392977804,0.2693593013067564,0.3955214932755206,0.27827027185597497,0.2561839135306853,0.3531773748885706,0.15179587965250885,1.3526765182226796,0.05676833625413985,0.4292573648401519,24.251648543182558,31.002469443941536,0.3184664636304014,1.0475304067554403,0.839488798234642,1.3696273835462263,4,0.07750285240501086,0.16138152608373582,0.014660290188367377,0.03226522777075886,0.002081631109559574,0.004886724422060797,0.3906075811120612,0.0,0.3916898209580756,1.495231564149163,0.0,0.14597269993951956,0.1612407292968827,0.048527984184045844,0.008431162818802827,0.05657632070862085,0.006807584691383217,0.021233153722920485,0.009874026159557327,0.18223811763645106,0.3916898209580756,0.32666085342142537,0.15485581631725112,0.3906075811120612,0.19084371860517174,0.25463467536099865,0.1871253678707622,0.13186156916790126,0.6877316446296078,0.034015905707887956,0.18933777519539952,25.96408446214191,31.002469443941536,0.26338972152069623,0.6742798148940202,0.8846883329850248,1.2479090181691816,4
mission_completion,True,True,False,20.01,80.01,10,0,nan,-1.25,0.0,0.5,-0.3875,0.0,0.56,-0.04122340425531915,0.0,0.059574468085106386,7000,7001,7002,0.07092896965704636,0.04495636300906677,0.05103762793457573,0.020124728480628795,0.141719631374229,0.014006106216513105,0.007995005422325922,0.006928804850346796,0.009178374746709635,0.03536355176329769,4.126924428604376,1.8584478457073053,0.006018814061982132,0.000325993737260194,0.0008514818718564257,0.005949355378348217,nan,0.3718239968359368,0.2996984280439354,0,0.7793056724019142,0.014160281279616558,True,True,True,True,normal_completion,6.3281932919999235,0.07503412355935705,0.14771256762152268,0.017876933155306186,0.06049307772982523,0.023120933324243195,0.006026069167175814,0.3718239968359368,0.0,0.4109009856747609,3.5520550530144783,0.0,0.18624796191457724,0.2122282285751213,0.04496359968454343,0.009734947035324187,0.05715979395474747,0.01180795325427628,0.018470310143032288,0.009240551130941521,0.21760406504064286,0.4109009856747609,0.3622830468498603,0.20045604071818443,0.3718239968359368,0.29095374679036323,0.220596763058017,0.2996984280439354,0.14900623449486602,0.9990733985755327,0.0532759872880519,0.5369713080578323,24.21848686131506,31.498081390871764,0.3230562993416401,1.2383810139284939,0.8612072442455484,1.317394241645189,4,0.07093131073674562,0.14172487306818515,0.014007902715702344,0.03536355176329769,0.003466435565817768,0.006026069167175814,0.3718239968359368,0.0,0.2996984280439354,1.0475982587248336,0.0,0.1551660300356746,0.16826584873563463,0.04495076921327139,0.007994156875665773,0.05104639532975411,0.006933177736094454,0.020123238154095245,0.009178553307550755,0.21760406504064286,0.25352115733479524,0.35872865463922143,0.20045604071818443,0.3718239968359368,0.15794042011809983,0.21881838341633464,0.2996984280439354,0.09668452501464843,0.3869866358326277,0.02501436924054832,0.08319950079903415,25.93974639443681,31.498081390871764,0.26733714132508724,0.6946966557729461,0.9180054441175978,1.1737324200076023,4
mission_completion,True,True,False,20.01,80.01,11,1,nan,-1.25,0.0,0.5,-0.3875,0.0,0.56,-0.04122340425531915,0.0,0.059574468085106386,7003,7004,7005,0.0731299021704275,0.04471759147967696,0.05464551879384303,0.019031208040079017,0.15381979394958767,0.014910476859135453,0.008902278286742109,0.009681693428923445,0.007023999844857205,0.03634733268899665,4.392815166933762,1.796684375859142,0.0017188311605840373,0.0007476446077817403,-0.0002954202226382434,-0.0015192547485875854,nan,0.3644353541026962,0.30335643273250573,0,0.7972661576929635,0.003592088736851692,True,True,True,True,normal_completion,6.369519665000553,0.06794501298448294,0.1460702496270885,0.01838491053266125,0.051870493673757276,0.02741036081283651,0.0017195199429801777,0.37267925152963705,0.0,0.35906563126972035,4.471096226671265,0.0,0.18953463921172148,0.21871088596818086,0.040156947833341276,0.010762396740801183,0.05162671951045493,0.012701783951206417,0.018401797813275604,0.007800027957925904,0.22486719955626489,0.35906563126972035,0.35934417044544814,0.22960053419537815,0.37267925152963705,0.21758109936579043,0.2266654838102912,0.35439425022300464,0.1295991271369719,0.747503154070742,0.06240170632559317,0.6726671190024417,24.31151440952201,31.70961611686661,0.3321192605535822,1.0862140638872415,0.8814965818720486,1.2653057556073568,4,0.07315317822564042,0.1537788399252121,0.014901912174544674,0.03634733268899665,0.0037151223531310244,0.0017195199429801777,0.3644353541026962,0.0,0.30335643273250573,1.3900502310271943,0.0,0.15130534906963272,0.168266273148891,0.04472064298662942,0.008897982106028567,0.054673059438077404,0.009674363308348994,0.01903439379269012,0.007021367066085413,0.21690587345230314,0.30335643273250573,0.3518675056384787,0.1898970156443537,0.3644353541026962,0.20978523066942767,0.2219495647415962,0.2851823123650561,0.11657870181215693,0.747503154070742,0.03279680183990363,0.12863390183458395,26.0923893835089,31.70961611686661,0.2715271254251442,0.8293174117876958,0.9188499208684116,1.1734924978715526,4
mission_completion,True,True,False,20.01,80.01,12,2,nan,-1.25,0.0,0.5,-0.3875,0.0,0.56,-0.04122340425531915,0.0,0.059574468085106386,7006,7007,7008,0.07749507561121241,0.04800933891884473,0.057111838964470335,0.020948221181270727,0.1482439939467313,0.01584445913370016,0.009118144615666466,0.007481029245102272,0.010580194962344148,0.035254976479384775,4.223535069451021,1.5215590614638503,0.004699541297985735,0.00043815341566819793,0.0003385707563406133,0.004666806171115603,nan,0.3726809731873197,0.3515586071213184,0,0.7671806202131379,0.008950459212262818,True,True,True,True,normal_completion,6.307184473000234,0.07577647389790346,0.15141651026941322,0.019452168320194706,0.044044961139780715,0.025174768607932687,0.004692237641495651,0.3726809731873197,0.0,0.3515586071213184,3.598909415873063,0.0,0.19196591512001346,0.22259222831998687,0.04202598430516055,0.01045301377575729,0.059884204469620096,0.01352272221202616,0.019742661791733482,0.009287482938740139,0.22792387233300315,0.32507940496070536,0.3726809731873197,0.23258589982507846,0.36997306316093875,0.23549004159814937,0.2199366555323679,0.3515586071213184,0.13527491735441646,0.6883302992260809,0.05929161181312684,0.5126919453638271,24.22208938362646,31.225547971253036,0.331669238864058,1.0484437165901546,0.8859499054546885,1.2554246988599336,4,0.07749631741983234,0.14829921597030807,0.015844501476713922,0.035254976479384775,0.0037477507938481753,0.004692237641495651,0.3726809731873197,0.0,0.3515586071213184,1.102251061776791,0.0,0.12866001910531194,0.1420362862439464,0.04801993669041474,0.009116382713188969,0.0571053223280742,0.00748320976854436,0.020946289783413237,0.010580234630301036,0.21559491181919999,0.24207072581035224,0.3726809731873197,0.219572670717917,0.3668418789454653,0.1489732647234155,0.2199366555323679,0.3515586071213184,0.12326281061166132,0.5018831924497249,0.029445574551422417,0.11156746100651459,26.096809697121657,31.225547971253036,0.26447879566160215,0.760989601554075,0.9173205822466969,1.176251019131526,4
mission_completion,True,True,False,20.01,80.01,13,3,nan,-1.25,0.0,0.5,-0.3875,0.0,0.56,-0.04122340425531915,0.0,0.059574468085106386,7009,7010,7011,0.07342158794077719,0.039237306711813524,0.059310982428472415,0.018258441913750163,0.1449111332769054,0.013543939692702697,0.008207961296574673,0.008420066951308584,0.006720873923008857,0.029660115755855556,4.303955539306991,1.9186300053745509,0.008874689594149592,0.0018034729325778764,4.026625107155188e-05,0.00868941766765706,nan,0.368518336093595,0.299226082350986,0,0.7941512105107,0.023497114179415576,True,True,True,True,normal_completion,6.335112509000282,0.07725651921619565,0.15568240540789036,0.018354673743534715,0.04772459902419305,0.02523624318271152,0.008886395737634344,0.368518336093595,0.0,0.422636853805715,3.753288394055821,0.0,0.20272727672281007,0.22951382938670134,0.042026892358920216,0.010247469256565549,0.062130319981695235,0.012871928818695103,0.01849684889450916,0.008136145927513414,0.23050703556806745,0.422636853805715,0.3613733187976015,0.2841935336677743,0.368518336093595,0.27141572529354635,0.21628359294863897,0.36897917839038263,0.14343876827724977,0.7280702692929566,0.06081089879899244,0.6631759008907095,24.29027294151441,31.509173565383733,0.32773245542518725,1.0072492175633914,0.8846125758908135,1.2527744632503852,4,0.07342398055383965,0.14483536911384207,0.013553788992267642,0.029660115755855556,0.003955202965754803,0.008886395737634344,0.368518336093595,0.0,0.299226082350986,1.308052927240257,0.0,0.1637505363606357,0.18253921279402985,0.039243954785773784,0.008213551198423347,0.059311707990520046,0.0084292735037551,0.018251417161142505,0.006722359775903556,0.2157603712795096,0.299226082350986,0.3613733187976015,0.16092069715634047,0.368518336093595,0.19202967626086667,0.21067120913693343,0.25571649450651723,0.11440163045505357,0.6710868129527938,0.027650800690145385,0.08491453186194409,26.111636070906002,31.509173565383733,0.2765130067795739,0.6638862530452935,0.9153347773494228,1.1791774410520688,4
mission_completion,True,True,False,20.01,80.01,14,4,nan,-1.25,0.0,0.5,-0.3875,0.0,0.56,-0.04122340425531915,0.0,0.059574468085106386,7012,7013,7014,0.07771243426190955,0.048722926699607844,0.05669478371576226,0.02123676887285803,0.16168448601779228,0.014278832608316461,0.008132907319463624,0.0067114303260567745,0.009627958359269224,0.03083699355559464,4.108887071661858,1.6987190337564626,0.004626289605423209,-0.0005559289054792652,0.0012027428020830709,0.004432483312696939,nan,0.3651555966389097,0.3341835674787229,0,0.7925470567954506,0.005028384462978356,True,True,True,True,normal_completion,6.331805855999846,0.07552326665451023,0.1556328279367956,0.017619983346418334,0.04680006953747422,0.019657427785013545,0.004632784807624464,0.3715435439187473,0.0,0.43520606462493044,3.928056621443088,0.0,0.1942087527214484,0.22829991397051044,0.044937639976955095,0.011860833602491828,0.057580230822589916,0.009813512390665738,0.01920649207656334,0.00857201341228012,0.21975881810960124,0.43520606462493044,0.3715435439187473,0.24155582728341313,0.35737670582086933,0.299173292125111,0.22194780864817723,0.3976904977624525,0.1463570549871096,1.4358513424588608,0.05525033198898045,0.45407925751119466,24.251973449901488,31.00284275984089,0.31793671943547563,1.0539469565306738,0.865705104266451,1.3070946112347182,4,0.07771642940304097,0.16171415798416636,0.014275097350763226,0.03083699355559464,0.0021319486570479333,0.004632784807624464,0.3651555966389097,0.0,0.3341835674787229,1.1737209982535763,0.0,0.1449735057883067,0.159968072592461,0.04871271842711338,0.008133184514525276,0.05670769867842001,0.006709294691958585,0.021240324225306455,0.009623672831248467,0.21709453669024603,0.3341835674787229,0.3651555966389097,0.14315131203607953,0.357077302060005,0.20952846714018822,0.21798555790071109,0.21272265178757346,0.12419502595913896,0.5216823660357761,0.031202108611660565,0.12597731277334803,25.96492904207489,31.00284275984089,0.2629526498143352,0.6503848945080918,0.9182462006524452,1.172953815305594,4
mission_completion,True,True,False,20.01,80.01,15,0,nan,-1.25,0.625,0.5,-0.3875,0.19375,0.56,-0.04122340425531915,0.020611702127659576,0.059574468085106386,7000,7001,7002,0.07088312297904213,0.04495541269622133,0.05097162748107269,0.020132590109203225,0.14168443701584113,0.014525055123006756,0.008292417715561192,0.007009345446065347,0.009647907087796542,0.03429321298230422,4.1865346713373,1.8731212306179983,0.00618774844675279,0.0003300560253529025,0.0008462060560583094,0.006120721295003559,nan,0.3929350777896496,0.3858110476128251,0,0.7792614034629319,0.014805804097084015,True,True,True,True,normal_completion,6.262157195999862,0.07501118807488083,0.14779970365641634,0.01814925929845785,0.062088016025767315,0.023049402799390276,0.0061948625440881346,0.4010193172181855,0.0,0.3858110476128251,4.307636643135288,0.0,0.18677040998936523,0.2131219554734731,0.04497708538620367,0.009972674757988574,0.057117440169793636,0.011894333798356116,0.018475339104258227,0.00940564696059339,0.254974090217675,0.36208599424429444,0.4010193172181855,0.18908499683670305,0.3333134964619958,0.31395810885419756,0.18543364155417869,0.3858110476128251,0.14905886319867903,1.0621022061492056,0.05367029498363099,0.5623422151964047,24.218573500609057,31.52573102991222,0.3239893743862079,1.2526942711681173,0.8297915856002671,1.3969888153453889,4,0.0708855158740691,0.14169159460136088,0.01452720290048682,0.03429321298230422,0.0035347143283257893,0.0061948625440881346,0.3929350777896496,0.0,0.3858110476128251,1.506445782957504,0.0,0.15653237405844037,0.16984402442490018,0.044949816803634836,0.008291407164275417,0.05098046749934796,0.007014028182004284,0.020131126734499898,0.009648606117474411,0.254974090217675,0.22035229955775967,0.3929350777896496,0.18908499683670305,0.3333134964619958,0.17462303311089855,0.18320194620508434,0.3858110476128251,0.10521280068620674,0.4440342437914353,0.025932079436948405,0.11126675731918764,25.939956556576675,31.52573102991222,0.2688975369454561,0.7120111137382689,0.8819028292381671,1.2556445861412926,4
mission_completion,True,True,False,20.01,80.01,16,1,nan,-1.25,0.625,0.5,-0.3875,0.19375,0.56,-0.04122340425531915,0.020611702127659576,0.059574468085106386,7003,7004,7005,0.07313548523470055,0.044664693501859865,0.05469800530596142,0.01902610234517398,0.15379483621807033,0.015248372090848623,0.0090428535015692,0.00971872273151527,0.0075024049769428685,0.034941789734364986,4.41081346419531,1.8102066194016428,0.001560760178881668,0.000751274742894395,-0.00029485295620206714,-0.001335896826439302,nan,0.38706441585089507,0.34955593659491924,0,0.7972883167786142,0.0022270620298400086,True,True,True,True,normal_completion,6.284376308999526,0.06794821582385649,0.14615345780144773,0.018806177927874743,0.05225868272807613,0.027393595244898185,0.0015612222335360643,0.4011932450186073,0.0,0.38119617287474805,5.43328828380596,0.0,0.19044223328342055,0.21973591514477817,0.040076454543658366,0.010968387000845433,0.05169399660704354,0.012719043781325438,0.018400232054146416,0.008461249325205748,0.2638852302859096,0.3191715678681124,0.4011932450186073,0.20640698451606512,0.3322732503580763,0.24198797557954133,0.19043875019921203,0.38119617287474805,0.13411655519175067,0.7859607285857493,0.0634224710194632,0.6826560813310903,24.311413958309334,31.713097205324534,0.3328083257497207,1.0990231526386607,0.8618389523313661,1.307861752851255,4,0.0731589944400891,0.1537529119048526,0.015239059542276731,0.034941789734364986,0.003611352368439265,0.0015612222335360643,0.38706441585089507,0.0,0.34955593659491924,1.8775763749252474,0.0,0.1524621226530084,0.16971916512328217,0.04466787958913433,0.009038920506828465,0.05472572309818563,0.009710183739192765,0.019029299300717728,0.00749927886902519,0.25307390850314293,0.2664117311281352,0.38706441585089507,0.17230199294371248,0.32665817325966606,0.22844072241528188,0.1855703339775502,0.34955593659491924,0.11752547419480965,0.6918981789116145,0.03239933456334294,0.1074411909575388,26.092320285739156,31.713097205324534,0.2713796922823655,0.8139412538377656,0.8827952008256285,1.2549416968564207,4
mission_completion,True,True,False,20.01,80.01,17,2,nan,-1.25,0.625,0.5,-0.3875,0.19375,0.56,-0.04122340425531915,0.020611702127659576,0.059574468085106386,7006,7007,7008,0.07742962821903177,0.04794590481459218,0.0570751194573546,0.02095156978787623,0.14809642555882266,0.015938359007252906,0.009361324811823907,0.007600724186887829,0.010422373887290181,0.03246309484057433,4.272345893341012,1.5397887816511944,0.004997916924091542,0.0004702146487579259,0.0003279747176586009,0.0049649274263367515,nan,0.41337329287084384,0.4316285825816111,0,0.7671614521973268,0.01327775504909868,True,True,True,True,normal_completion,6.320015289999901,0.07573795557716456,0.15150212246978456,0.019710386725710547,0.04509281943761362,0.025138353314747227,0.004990737008706045,0.41337329287084384,0.0,0.4316285825816111,4.304027558632378,0.0,0.19309937829143003,0.22354996723920537,0.04189631673887538,0.010659627361273497,0.05992453683464794,0.013575771850680814,0.01974807443467097,0.009516832879383689,0.26400648113995284,0.28308363794342356,0.41337329287084384,0.20944768604275066,0.33529502205793527,0.2615788226698975,0.18549171572096662,0.4316285825816111,0.14372413926677785,0.8134411578175502,0.06100585790425027,0.518914637852726,24.222214128297182,31.20862532497044,0.3325049373210132,1.05458721997527,0.8517961079877693,1.337155803226616,4,0.07743068044952715,0.14815528091401925,0.015939891655086608,0.03246309484057433,0.003788251267888922,0.004990737008706045,0.41337329287084384,0.0,0.4316285825816111,1.4354820154323056,0.0,0.1301514231544832,0.14349514617707274,0.04795634763566744,0.009360279769062363,0.0570684741649803,0.00760502636768057,0.02094965996871494,0.010422518053122517,0.24709032361503433,0.21349474667018298,0.41337329287084384,0.20690853553881008,0.33068174198374406,0.16401980353662052,0.18549171572096662,0.4316285825816111,0.13529703943638957,0.6652065288221394,0.031220439577038604,0.1337860817116604,26.096829721328668,31.20862532497044,0.2651604822543595,0.7741586886661369,0.88450249122738,1.2498421468426169,4
mission_completion,True,True,False,20.01,80.01,18,3,nan,-1.25,0.625,0.5,-0.3875,0.19375,0.56,-0.04122340425531915,0.020611702127659576,0.059574468085106386,7009,7010,7011,0.07338795572708504,0.03921642157432226,0.05928341861429281,0.01825761764601687,0.1446741130689252,0.013537389778858072,0.008437952702369803,0.008364956255635545,0.006487633086003293,0.0275851905058371,4.325257332968862,1.9172247551013326,0.008960720903202813,0.0017994790094670865,3.410491012262665e-05,0.008778110916062107,nan,0.39068252903038414,0.29739277421364446,0,0.7941440937773295,0.02102577167598461,True,True,True,True,normal_completion,6.271808176999912,0.07719041096050726,0.15549563849133036,0.018527678609958624,0.04735978062390123,0.025218150980025764,0.008972111673148476,0.40258214520352403,0.0,0.44737065913258267,4.360801000672149,0.0,0.20308762661514373,0.23012811069850472,0.041908483624218604,0.010448676511964222,0.06212872515510903,0.012847425537775011,0.01849486564351097,0.008309253328282395,0.26421257665592734,0.34745342171808896,0.40258214520352403,0.2624882447731051,0.3285597890818337,0.2895921757032216,0.187236987713391,0.44737065913258267,0.14792476581474187,0.9240790859405195,0.06148255647047663,0.6489505407348102,24.28981397922206,31.493206518254905,0.3280143023490024,1.0084860471886545,0.8526117109473836,1.3326062565991608,4,0.0733904112422161,0.14459769515705703,0.01354426794503406,0.0275851905058371,0.004007437968417393,0.008972111673148476,0.39068252903038414,0.0,0.29739277421364446,1.8692726416018728,0.0,0.16359051148601902,0.1826219637182659,0.03922319444547015,0.008442453445487398,0.059284144507758804,0.008371355297986011,0.01825058053261893,0.006487879812584132,0.2478582197396849,0.2669409556564826,0.39068252903038414,0.14917665435162566,0.3285597890818337,0.21138052273375182,0.17317644843594163,0.29739277421364446,0.11554762464236146,0.6430004054020202,0.027683702728265112,0.09022062623605379,26.111231633417905,31.493206518254905,0.2765266519252323,0.6811758780799662,0.8795147706148219,1.2607528846182485,4
mission_completion,True,True,False,20.01,80.01,19,4,nan,-1.25,0.625,0.5,-0.3875,0.19375,0.56,-0.04122340425531915,0.020611702127659576,0.059574468085106386,7012,7013,7014,0.07777913996896103,0.04878779584413937,0.056727333646359575,0.021245121989680572,0.16181703880985132,0.014497206901090036,0.008052351639006715,0.006762280664444615,0.009979990041582022,0.03249969492972173,4.100481564236085,1.6983801300980146,0.004767118878589689,-0.0005527256658492408,0.0012026882814173273,0.004579678770247883,nan,0.4063807066411234,0.29606187259736994,0,0.7925080853612569,0.004179777039639125,True,True,True,True,normal_completion,6.28651852799976,0.07550909526151622,0.1556306988595803,0.017828754402284912,0.04828239393731906,0.019570382600030876,0.004773746420069577,0.4063807066411234,0.0,0.4982097058268034,4.963670652819255,0.0,0.19450376599608932,0.22877032926433974,0.044941052404164135,0.011998535113352903,0.05755666183642733,0.009785218196753783,0.01921343161088239,0.008840200422645956,0.2548331760108677,0.3777283043392481,0.4063807066411234,0.22353267779529204,0.3237410276573264,0.32588501008961274,0.18673451347618816,0.4982097058268034,0.15371089805324628,1.6009648795270692,0.056052028717054586,0.499194503020869,24.251903982517366,31.005390671430284,0.3186339654463773,1.05832437408834,0.8334709456368015,1.3867696429893137,4,0.07778348803290736,0.1618468860902815,0.014493602309945782,0.03249969492972173,0.002038966240735708,0.004773746420069577,0.4063807066411234,0.0,0.29606187259736994,1.1560311383430348,0.0,0.1449949106982931,0.15976111626328948,0.048778063847516887,0.00805233500771648,0.05674033779950999,0.006759579189162524,0.021248660293075112,0.009976597517581346,0.251383390749416,0.29606187259736994,0.4063807066411234,0.13165079841960695,0.3202892641912771,0.23243363798263847,0.18433415423317157,0.2603006490286448,0.12491259968046821,0.502555120962981,0.030017598815480363,0.0916907126253923,25.965251567990236,31.005390671430284,0.26317258331912663,0.6278832610797398,0.8822732470023945,1.254499921334994,4
mission_completion,True,True,False,20.01,80.01,20,0,nan,-1.25,1.25,0.5,-0.3875,0.3875,0.56,-0.04122340425531915,0.04122340425531915,0.059574468085106386,7000,7001,7002,0.07059942664486196,0.04474472005493506,0.05076376278112753,0.020130311922326227,0.14127300998127837,0.016043335828955882,0.008967110817429671,0.007212448186466193,0.011178557119151602,0.038703469855560224,4.337591703246183,1.904557188876129,0.0067672586126185505,0.0003395012709456746,0.0008509010221410263,0.006704960512009417,nan,0.44015545278557533,0.5429072234459106,0,0.7792097485748789,0.016132416420599455,True,True,True,True,normal_completion,6.273486976999266,0.07479922513710524,0.14772614802099815,0.019247408134696217,0.06601572632187258,0.022850102214098944,0.006774327063883256,0.44015545278557533,0.0,0.5429072234459106,5.623410155643958,0.0,0.18913981411817174,0.21618586492232428,0.04483934287704862,0.01065750722881702,0.0569475699291655,0.012118698442834662,0.018475164157014442,0.010488918324733,0.2914961000396138,0.32711594260404825,0.44015545278557533,0.18335067633126775,0.29175019388117734,0.3438193208259314,0.14982280327728234,0.5429072234459106,0.16645486470176457,1.1777485183317395,0.05736288826221664,0.592316724433386,24.21779960766848,31.550386154226892,0.3269577626218058,1.2829971743370636,0.7962738735419749,1.4874408637549217,4,0.07060220874557238,0.14128156593530303,0.016047017823946737,0.038703469855560224,0.0037935101345762333,0.006774327063883256,0.44015545278557533,0.0,0.5429072234459106,2.7882810505985223,0.0,0.15960726031651107,0.17321557197517823,0.04473948357119495,0.008967175782126439,0.05077281563357536,0.007218674946563114,0.020128876823487206,0.011179770639434936,0.2914961000396138,0.1965932778167509,0.44015545278557533,0.18335067633126775,0.29175019388117734,0.19820234673666187,0.14944900811325065,0.5429072234459106,0.13389791054782593,1.0130055203087345,0.03201499668305494,0.2594562547198947,25.939167633810836,31.550386154226892,0.2726889948203279,0.7276105189743116,0.845059816338765,1.3441663611162382,4
mission_completion,True,True,False,20.01,80.01,21,1,nan,-1.25,1.25,0.5,-0.3875,0.3875,0.56,-0.04122340425531915,0.04122340425531915,0.059574468085106386,7003,7004,7005,0.07293018440329754,0.04441648041864938,0.054631528310087385,0.019010107280676813,0.1534200006062431,0.01627978396804228,0.00970578499957796,0.009787613647700727,0.008662085353506807,0.03284363148471325,4.512142290130643,1.842885357930966,0.0010384285093712438,0.0007555016016798158,-0.000300256405489939,-0.0006460628374210034,nan,0.42939017395834467,0.47996366949391583,0,0.7973583170731995,0.0024535130033892178,True,True,True,True,normal_completion,6.294647160999375,0.06784014872143937,0.1462002488277782,0.02036738793384848,0.055234259166932746,0.027247778477566254,0.001036546493601766,0.434354615867243,0.0,0.4950646988110838,7.4713881431518105,0.0,0.19333335799154666,0.22308108013233596,0.039868734064213374,0.01164036494284397,0.05171514074963217,0.012892648242779615,0.018393315087546817,0.010635413322162772,0.3017894044055961,0.2744663467438886,0.434354615867243,0.19848462337214298,0.2958448741193085,0.2678853479976021,0.1555908199648417,0.4950646988110838,0.15362114971952054,0.9030883079243068,0.06752439388798824,0.6898574744201501,24.310770760688097,31.69090080430442,0.3361501597313308,1.091978637893165,0.8257320243306144,1.3992855943220779,4,0.07295360457458487,0.1533771058486305,0.016271626515468048,0.03284363148471325,0.003316023623871932,0.001036546493601766,0.42939017395834467,0.0,0.47996366949391583,2.934055540110973,0.0,0.1551869035579015,0.17294686124529227,0.04441988457789898,0.009702086525790528,0.0546588978238924,0.009779491905620398,0.019013341715445897,0.008660074166706761,0.2934109919757332,0.23885067202475216,0.42939017395834467,0.16295541741499833,0.2943686625102257,0.24678986400454087,0.14915031879708496,0.47996366949391583,0.13237345329894418,0.6837277530738675,0.035259939304330766,0.1352511158382323,26.091331239094526,31.69090080430442,0.2727699880129559,0.8097782155386248,0.8462012704429778,1.3423446207488052,4
mission_completion,True,True,False,20.01,80.01,22,2,nan,-1.25,1.25,0.5,-0.3875,0.3875,0.56,-0.04122340425531915,0.04122340425531915,0.059574468085106386,7006,7007,7008,0.07710654400431334,0.04767314313159604,0.05686636863767689,0.020950099527384237,0.147373362482424,0.01706557901303536,0.010110721704475273,0.007714980067384705,0.011379208066674147,0.0343323698660375,4.402763677602342,1.583722792721069,0.005837548354951021,0.0005085894934024199,0.00032397577889944906,0.005806319593191417,nan,0.4538318595311489,0.5625075603503105,0,0.7671784161201377,0.017203396777695234,True,True,True,True,normal_completion,6.3955195179996736,0.0755853760104484,0.15146008938800617,0.020930555236157715,0.04640930128955517,0.024944183271449556,0.005830777693222065,0.4538318595311489,0.0,0.5625075603503105,5.256044179834722,0.0,0.19649617869482766,0.22680515814383106,0.041608764998229596,0.0113620190845654,0.059931945155686187,0.013699203403439096,0.01974896685446596,0.011014739712177653,0.2987544675206744,0.25839302042055806,0.4538318595311489,0.1979462653181923,0.29856986308988576,0.30302186044801543,0.1538369276029419,0.5625075603503105,0.17041304956779238,1.2589282797292403,0.06660033130277476,0.523916409110536,24.221775131873326,31.196777956602904,0.335538473798351,1.0619602201811398,0.8152390871242371,1.4305852584969025,4,0.07710709597611216,0.14743553224400388,0.017069308618490563,0.0343323698660375,0.003986169316741196,0.005830777693222065,0.4538318595311489,0.0,0.5625075603503105,2.660155726887469,0.0,0.13384519172966525,0.14747263823728388,0.04768332284906297,0.01011104692383026,0.05685928046506076,0.007720959732510479,0.020948202713764297,0.011380457267892646,0.28320730622396956,0.19569243282611007,0.4538318595311489,0.19458701761406155,0.29431382387916843,0.18667137746038726,0.14980997570101462,0.5625075603503105,0.16019558083885624,0.8105979576891826,0.03830693274986236,0.17579462321508446,26.095721533459752,31.196777956602904,0.2678743216552191,0.8008951395392295,0.8478433124091641,1.337603796556093,4
mission_completion,True,True,False,20.01,80.01,23,3,nan,-1.25,1.25,0.5,-0.3875,0.3875,0.56,-0.04122340425531915,0.04122340425531915,0.059574468085106386,7009,7010,7011,0.0732437442855244,0.03911484241936306,0.059170808854554405,0.018261723877264956,0.14442607707474728,0.014007535070851642,0.009149073222182568,0.008448628213853171,0.006412969611682708,0.028306015534915113,4.431724263527073,1.9239689267533469,0.009439774092518075,0.0017963296718070051,3.8226369460353515e-05,0.009267204183174074,nan,0.4277202294790437,0.43610819586748745,0,0.794135507427732,0.018917240343879975,True,True,True,True,normal_completion,6.2797571510000125,0.076963589886306,0.15512263017529263,0.01951777569023432,0.05122232622000172,0.02510491044493433,0.009450551637856115,0.4464333883697349,0.0,0.5462533005864489,5.123918550189237,0.0,0.20520070239637672,0.23275606085269848,0.04159931251066995,0.011072587088063404,0.062056825360085846,0.01290965019282914,0.018488964088204857,0.009575088248697237,0.3021172633428298,0.3000735812580824,0.4464333883697349,0.2408322711612424,0.29383706999943016,0.3110897383177221,0.16514062074122404,0.5462533005864489,0.16947241246417952,1.1410745609098516,0.0655142436336863,0.6331733857194484,24.28839911349829,31.498859137743032,0.3304226964946415,1.040707930816746,0.8201297475161781,1.416253710624914,4,0.07324617200379976,0.1443483426388711,0.014010377228955755,0.028306015534915113,0.004274901860544363,0.009450551637856115,0.4277202294790437,0.0,0.43610819586748745,3.610943813233034,0.0,0.16401565254967299,0.18357553984031122,0.039121544732778867,0.009153074115281478,0.059171555605212325,0.008451287603956336,0.01825468318516288,0.006409964287967608,0.28530682877796626,0.23812393506673227,0.4277202294790437,0.13847891398983334,0.288045380163935,0.233703507119648,0.1362396707661302,0.43610819586748745,0.1297656359072666,0.6201789191768228,0.031047271415403983,0.11251934383337117,26.11044198109513,31.498859137743032,0.2786162848949946,0.7102190100830725,0.8430275427089483,1.348767316215929,4
mission_completion,True,True,False,20.01,80.01,24,4,nan,-1.25,1.25,0.5,-0.3875,0.3875,0.56,-0.04122340425531915,0.04122340425531915,0.059574468085106386,7012,7013,7014,0.07781401492409583,0.04874034088765305,0.056812901076704836,0.021253102362039634,0.16206933598446485,0.015268244433410884,0.008277154879535028,0.0069192666908670635,0.010804246555833018,0.035555555569361325,4.144542696705913,1.7044809124966516,0.0054294381035663785,-0.0005498839367127709,0.0012066727350106415,0.005265013455555995,nan,0.44565807103052424,0.3411271818995836,0,0.7924616987752097,0.004008956263384002,True,True,True,True,normal_completion,6.32205915600025,0.07577633327766724,0.15645195244203156,0.019342109132887468,0.05241048267742545,0.01903610093624461,0.005436075795422988,0.44565807103052424,0.0,0.673751125351909,6.860207358124092,0.0,0.19603410374173183,0.2314029603215335,0.044930895029750506,0.012527275725093363,0.05791508893797213,0.009826481813712876,0.019212231263973936,0.010982932385332501,0.29418057302313666,0.39707866167939243,0.44565807103052424,0.21529470396552222,0.29301980079943496,0.40767970633789813,0.15150954811214365,0.673751125351909,0.19274084696506996,1.9131243941910154,0.06446503171908147,0.5791963819444145,24.25290272897788,31.004275107251825,0.32156322966069595,1.1157656687217354,0.7888442508311129,1.5112126732369138,4,0.07781875106148063,0.16209823398534637,0.015264160368478167,0.035555555569361325,0.0019027085968832476,0.005436075795422988,0.44565807103052424,0.0,0.3411271818995836,1.6095792562304185,0.0,0.14558682004957235,0.16046086430356812,0.048731031577113414,0.00827651615663972,0.05682605465419672,0.006916579673862076,0.02125662462944943,0.01080068505598692,0.2837386562937156,0.2657808684952099,0.44565807103052424,0.12246222147865253,0.28366941566314635,0.26446435555163156,0.1514056083103547,0.3411271818995836,0.1332284394737217,0.5770916888347131,0.03081686036131265,0.08714848849784777,25.965600960404124,31.004275107251825,0.26434931611812434,0.6240311331232514,0.8458087823492282,1.3419431473218397,4
mission_completion,True,True,False,20.01,80.01,25,0,nan,-0.625,-1.25,0.5,-0.19375,-0.3875,0.56,-0.020611702127659576,-0.04122340425531915,0.059574468085106386,7000,7001,7002,0.07097254926649524,0.044833500095362744,0.051209649520132065,0.020115462077949883,0.14192164820384978,0.01402550315244494,0.009180299901241222,0.00668301304863385,0.00823250684751025,0.0365572565585951,4.295966161782317,1.858396650570026,0.006100402036576151,0.00031389658163495995,0.0008578787901179288,0.006031618184647147,nan,0.3967494084554879,0.30493191117686574,0,0.7793778105821605,0.013920096573971863,True,True,True,True,normal_completion,6.310000454999681,0.07502331528395144,0.14787323114092832,0.018153085619731682,0.06361920379085562,0.02314395562760031,0.006107778978506639,0.3967494084554879,0.0,0.5426702013291076,3.0493946139644934,0.0,0.18663589374646114,0.21273409750037175,0.04484068810245987,0.010646405160450165,0.05724587928758273,0.011428087343146705,0.018458597760518097,0.009251345542906684,0.18116719003521706,0.5426702013291076,0.25910211317232024,0.25480210692780564,0.3967494084554879,0.27244878103826414,0.33082845798579746,0.2063009257420971,0.16098387148510804,0.9505416911682829,0.05525383065053188,0.49073590806027206,24.218571322501585,31.469850170549794,0.32336985254371825,1.2533529699337116,0.855361242003472,1.3258214513686155,4,0.07097495356976195,0.14192326172587735,0.014026907692103534,0.0365572565585951,0.0035342088977175015,0.006107778978506639,0.3967494084554879,0.0,0.30493191117686574,1.1319453850938117,0.0,0.15489417358870308,0.16764174248619435,0.044828026560403855,0.009179905045384022,0.05121835732130665,0.006688244928141019,0.020113973805206818,0.008231091212088603,0.17520531652784502,0.30493191117686574,0.2563018651863761,0.2500114506506763,0.3967494084554879,0.14780553765039708,0.3283347904478395,0.2063009257420971,0.09658172896924405,0.3869791884645508,0.02622675800814153,0.0925865677539911,25.939989295380233,31.469850170549794,0.267733671774894,0.6888421824537205,0.8839497519677008,1.2502758462057029,4
mission_completion,True,True,False,20.01,80.01,26,1,nan,-0.625,-1.25,0.5,-0.19375,-0.3875,0.56,-0.020611702127659576,-0.04122340425531915,0.059574468085106386,7003,7004,7005,0.07300441202926812,0.044691368989766576,0.054499668954941696,0.01902923533307217,0.15397014611851978,0.01507345794612023,0.010039692998274508,0.009233713999616634,0.0064149999787324555,0.038199880299827495,4.505022426277622,1.8006184702957575,0.0015766029930409273,0.0007495293406926222,-0.00028221182145582446,-0.001358027706984316,nan,0.4007903835676373,0.34805580448052525,0,0.7972528514095594,0.004999105092216257,True,True,True,True,normal_completion,6.39287988399974,0.06787218882620248,0.14624369237078844,0.01870032681053227,0.051331758070266596,0.027329815011385778,0.0015768804230853054,0.41614628135867643,0.0,0.37719143843219505,3.5701069761581548,0.0,0.18961659669540493,0.218795134613215,0.040178969481610184,0.011734741051820275,0.0515140126073872,0.012295430695038185,0.018400840538993695,0.007798747289850385,0.18437206645397364,0.37719143843219505,0.24560337320231634,0.3315898202402458,0.41614628135867643,0.19060243328741733,0.33294895171702293,0.27333095921674144,0.13150614331005264,0.8405441117487555,0.06374276171048988,0.6573410723298654,24.312205702457764,31.661510107328947,0.3330438211872246,1.0522769203975004,0.8455145414344227,1.350857578860306,4,0.07302746987067701,0.15393174521093536,0.01506800080857771,0.038199880299827495,0.0037173261510275953,0.0015768804230853054,0.4007903835676373,0.0,0.34805580448052525,1.846111612459103,0.0,0.15126570580715537,0.1678212196018983,0.044694180591984045,0.010036080515950549,0.0545271380326394,0.009230147883957781,0.01903241432118496,0.006412963923563418,0.17957988890047766,0.34805580448052525,0.24560337320231634,0.2705915876860125,0.4007903835676373,0.19060243328741733,0.3239609309256947,0.20783935978070434,0.12438899122981673,0.8405441117487555,0.036425182421571625,0.18075622634513222,26.09252841145974,31.661510107328947,0.27316490143948374,0.8618152191073517,0.8836155698911379,1.2514425471775836,4
mission_completion,True,True,False,20.01,80.01,27,2,nan,-0.625,-1.25,0.5,-0.19375,-0.3875,0.56,-0.020611702127659576,-0.04122340425531915,0.059574468085106386,7006,7007,7008,0.07757558517282576,0.04802568950471459,0.057208100994345146,0.020946067485900464,0.14833223829366468,0.01624115051347304,0.00994466893969334,0.006793454339663437,0.010896215297803744,0.03784067851518257,4.290831292894501,1.5242136353402589,0.004688219573895611,0.00038655123036633945,0.0003383774838898665,0.0046599872958793115,nan,0.39613008231253255,0.29651308592331316,0,0.7671271527915696,0.006712548494851581,True,True,True,True,normal_completion,6.350779318000605,0.07559494502654383,0.1515546628190473,0.019806476473895968,0.04548125763103639,0.02520597614132773,0.004680418108919065,0.39613008231253255,0.0,0.3870411635917993,3.1311739765204964,0.0,0.19217643287088937,0.22275106100102476,0.04183750239139096,0.011277029417613611,0.05979030656641022,0.01306736970657291,0.019731658519020253,0.00971436908795483,0.18563852755769017,0.3870411635917993,0.25439894091365606,0.32136363234157345,0.39613008231253255,0.21532254444692833,0.32684094706728645,0.25333407270187236,0.13559133790426844,0.623397902469705,0.059261159975017304,0.4978345437173226,24.221963566172697,31.21746629147102,0.3321186387816733,1.0364323535193705,0.8518542437732365,1.3338978705900637,4,0.0775763447910028,0.14838429793878713,0.016240815265702372,0.03784067851518257,0.0037555493291798487,0.004680418108919065,0.39613008231253255,0.0,0.29651308592331316,1.012706481287025,0.0,0.12869846221300585,0.14239461759042335,0.048036534096359135,0.009942981681465611,0.05720074216613621,0.0067923672410582754,0.020944110360315647,0.01089793297094953,0.18270097538673252,0.2800080323402718,0.25439894091365606,0.29651308592331316,0.39613008231253255,0.13985021187479799,0.32169766951572626,0.25333407270187236,0.11700246625107505,0.5120901408812415,0.02987526644610337,0.0985141424056018,26.097278789830643,31.21746629147102,0.26526185176579103,0.7519327727574091,0.8815105083443396,1.2571254331546817,4
mission_completion,True,True,False,20.01,80.01,28,3,nan,-0.625,-1.25,0.5,-0.19375,-0.3875,0.56,-0.020611702127659576,-0.04122340425531915,0.059574468085106386,7009,7010,7011,0.07336279896363511,0.039267153744535474,0.05921517400654861,0.01826893746105456,0.14519598196469383,0.014248397504844298,0.009582989395332421,0.008074781790893755,0.006780932438422473,0.03112223345926566,4.479983020245687,1.930830978019744,0.009078433389863434,0.0018079034016228387,8.605768014190857e-05,0.0088961807636916,nan,0.3975323090646192,0.34107421134363924,0,0.7941457476640713,0.02724439894961822,True,True,True,True,normal_completion,6.32389371499994,0.07726375185645899,0.1560621455647641,0.01902927035307794,0.05120865483042598,0.02516530645671512,0.00909056005976846,0.4096814721637515,0.0,0.5270149146234059,3.4455570714714914,0.0,0.20337658597634886,0.23026479476889294,0.04212797145399448,0.011324223195732636,0.062070133138989486,0.012606045152951977,0.018499187663679088,0.008658101684867057,0.19664740826049118,0.5270149146234059,0.2536502243262991,0.3763538759596621,0.4096814721637515,0.2479015004260612,0.32158962439030964,0.28451222949196153,0.15338861739938378,0.9160967162486315,0.06359416804667456,0.6890992656014567,24.29095781238055,31.540342451185015,0.3302241945926276,1.0140130803019214,0.8584854216286725,1.3147983972292892,4,0.07336504961052613,0.14512051873354162,0.014263193741908204,0.03112223345926566,0.004057767764662003,0.00909056005976846,0.3975323090646192,0.0,0.34107421134363924,1.5058360616462192,0.0,0.16460704929807343,0.18334166678538097,0.03927346574213899,0.00959144945750501,0.059215914186075976,0.008087015788395388,0.01826200701082118,0.006785496935492635,0.1870191714413664,0.34107421134363924,0.2536502243262991,0.21121801160109027,0.3975323090646192,0.17458804850313658,0.32158962439030964,0.1810044913336086,0.12021570034788315,0.6942900103969833,0.0294038921124266,0.09066491593110901,26.112412289719334,31.540342451185015,0.2793445560717472,0.6716736587245445,0.8856555543035537,1.2469065402965127,4
mission_completion,True,True,False,20.01,80.01,29,4,nan,-0.625,-1.25,0.5,-0.19375,-0.3875,0.56,-0.020611702127659576,-0.04122340425531915,0.059574468085106386,7012,7013,7014,0.07758183439594774,0.048543643792375135,0.05667830359781777,0.021213806279705077,0.16184607709669477,0.014322584089892364,0.009244903343763022,0.006513517465363963,0.008788758012649726,0.035867608472655695,4.2384514393928026,1.7250819840776985,0.004900116017758092,-0.0005578210730235039,0.0012270964035820259,0.0047110728135209695,nan,0.3944100443217422,0.41040501664078677,0,0.7925824271705962,0.005426145590270867,True,True,True,True,normal_completion,6.3726173120003295,0.07549055966248756,0.15577977467985668,0.017899631026919702,0.04746119797412874,0.019537498234483877,0.004906824837443622,0.39958540598730896,0.0,0.5246665358185293,2.9029143531510284,0.0,0.1958448992383733,0.23044239034512307,0.04488835219682431,0.012576765673938234,0.05758176009187097,0.009597530021784335,0.019188573160390743,0.008373122091768633,0.18299733038601243,0.5246665358185293,0.25251075274033224,0.3329817172639196,0.39958540598730896,0.2712318250891777,0.32945998607164984,0.284574307834632,0.15190245771071045,1.246002001716434,0.056854021156344574,0.41446924012247166,24.25213484339023,31.000511596828918,0.31846250139353405,1.0438621528305951,0.8430492179101391,1.3587979197085176,4,0.07758554710672598,0.16187507025867998,0.014316620899884868,0.035867608472655695,0.002098063542945453,0.004906824837443622,0.3944100443217422,0.0,0.41040501664078677,1.5674739478219275,0.0,0.14688167083706036,0.16219782164575838,0.04853285325420596,0.00924499100075955,0.05669128483457956,0.006511353126321531,0.021217386706667604,0.008780549860415236,0.17747511131408886,0.41040501664078677,0.25078083180811983,0.19429559809724684,0.3944100443217422,0.19115943543918293,0.3279944554854516,0.15202938954336057,0.13386898343652362,0.6765564228813048,0.034625955967078036,0.1927960529577057,25.964882223138883,31.000511596828918,0.2635170987287186,0.7116937214294232,0.8839471960314569,1.2486068662913283,4
mission_completion,True,True,False,20.01,80.01,30,0,nan,-0.625,-0.625,0.5,-0.19375,-0.19375,0.56,-0.020611702127659576,-0.020611702127659576,0.059574468085106386,7000,7001,7002,0.07104106080158287,0.044984740933711034,0.05116776317649665,0.020126236967079825,0.14201838502002923,0.01316603360990912,0.008607793316982767,0.00669994586434116,0.007372995364454087,0.03300775644876276,4.200130054575362,1.8529815711263469,0.00565596773046972,0.00031569797412910397,0.0008442849030529873,0.005583680574649877,nan,0.3677738555783435,0.2560145932654414,0,0.7793177122248734,0.013522565242413515,True,True,True,True,normal_completion,6.3183809950005525,0.07513997204833922,0.14792620896664477,0.017248571416305356,0.05794032841575815,0.023348691654572346,0.005663211595321019,0.3677738555783435,0.0,0.42124434215236556,2.7739707122684476,0.0,0.18499153081345834,0.21049942289692236,0.04499169398175058,0.01011943917330277,0.05727769636934211,0.011371099334321018,0.018466953476390265,0.008112229450047352,0.21784373313539965,0.42124434215236556,0.2875707152411617,0.23000753851137554,0.3677738555783435,0.2875719320694189,0.2937706999551034,0.22408272135288598,0.1446661706071802,0.9443289599354046,0.05281763354048307,0.5179904187892839,24.219110895435925,31.484967074199687,0.32192452661387955,1.2275655358816102,0.8916883922733301,1.2381318897346612,4,0.07104323081676209,0.14202089979692215,0.01316757863736557,0.03300775644876276,0.003384269370813912,0.005663211595321019,0.3677738555783435,0.0,0.2560145932654414,0.9303841308027885,0.0,0.15435281742536913,0.16713675177842555,0.044979279479612846,0.00860659722750733,0.051176164022972835,0.006705079713106677,0.020124743433703532,0.007372483799612892,0.21197048588703,0.2560145932654414,0.2854400259787961,0.23000753851137554,0.3677738555783435,0.15693429518798319,0.2891895498438677,0.22408272135288598,0.09315481612183955,0.42160408695917795,0.02500307071023655,0.07366209073704215,25.940581488516393,31.484967074199687,0.2669498255331204,0.6770501041324325,0.9204201167204581,1.1679018638615932,4
mission_completion,True,True,False,20.01,80.01,31,1,nan,-0.625,-0.625,0.5,-0.19375,-0.19375,0.56,-0.020611702127659576,-0.020611702127659576,0.059574468085106386,7003,7004,7005,0.07325347136160451,0.0448220969158421,0.05472626467004785,0.01902857456185679,0.1543094841318123,0.014586608066117614,0.00949455569508855,0.009293396862028415,0.006021239223966126,0.038489967964389006,4.43276915724442,1.7914530945308664,0.002018735870120621,0.0007476863533177232,-0.0002768457708717184,-0.0018546201900994583,nan,0.3611751515575852,0.299627712352702,0,0.7972526764564227,0.00399538223494827,True,True,True,True,normal_completion,6.373396216999936,0.06803600331467223,0.14632792752386053,0.01783422879789077,0.050268301956081236,0.027608769688851884,0.0020197454901912126,0.37674951241126686,0.0,0.330225136593265,3.4785090110286876,0.0,0.18820082913876945,0.2169246254185028,0.04026884730634009,0.011103931049304976,0.051658581644471964,0.012293110574284607,0.018404038310495377,0.006606198943129808,0.2230118982688943,0.330225136593265,0.28044234898580805,0.278341559929482,0.37674951241126686,0.21112102160558865,0.29689278795316265,0.29033678008070185,0.12432112210159751,0.7379249144034219,0.06226356588832654,0.6699996314508724,24.312518941203237,31.684845116321686,0.33118506607640935,1.0531882731787057,0.8822396951277418,1.2607796486839924,4,0.07327694556386459,0.1542706894736848,0.01458086236624759,0.038489967964389006,0.004021160709126925,0.0020197454901912126,0.3611751515575852,0.0,0.299627712352702,1.3804937307032705,0.0,0.15056965316328105,0.16727383475292285,0.04482490241842502,0.009491346218274958,0.05475428164888237,0.009288193354608489,0.019031750194428036,0.006020411822765916,0.21697166997135092,0.299627712352702,0.27741736520128246,0.231544786841256,0.3611751515575852,0.20832806678991045,0.29197036339063454,0.2260038186653644,0.11403205892265825,0.7379249144034219,0.033346587453838984,0.131112815457863,26.093325503880106,31.684845116321686,0.27222358028327404,0.8633884339130538,0.9199448895945781,1.169273374120925,4
mission_completion,True,True,False,20.01,80.01,32,2,nan,-0.625,-0.625,0.5,-0.19375,-0.19375,0.56,-0.020611702127659576,-0.020611702127659576,0.059574468085106386,7006,7007,7008,0.07763544569653492,0.048051907077963925,0.057266919739989874,0.020946994012600046,0.14850628709129343,0.015403442965510342,0.009514066550752162,0.007017397629638541,0.00987444800316108,0.032700061414662265,4.246526591334527,1.508473204045361,0.004279136856302904,0.0004138132091144088,0.0003408374060499299,0.004245421148198314,nan,0.36161591977050855,0.27074044589464646,0,0.7671551428133074,0.005895852074023136,True,True,True,True,normal_completion,6.294727813999998,0.07567422194185798,0.15155949280886535,0.018892942535278383,0.044153071269213834,0.02543757687566208,0.004271677950282271,0.36161591977050855,0.0,0.3255999753588924,2.8294530902575037,0.0,0.1903581988116608,0.22066921027928113,0.04194317250197945,0.010728812660384161,0.059814436964967,0.013101133204777118,0.0197380667122888,0.008378315182087516,0.22152418744336125,0.3255999753588924,0.2921546567447256,0.2804853154440986,0.36161591977050855,0.23092448344722696,0.28958954017192023,0.27074044589464646,0.12767315955499525,0.6035537207417292,0.058241521806654185,0.5098087489255411,24.222454510457855,31.217452209024508,0.33060259522372504,1.0308206061658285,0.8892953428385395,1.2434657589935003,4,0.07763588839799655,0.14856037849129664,0.015402187771090921,0.032700061414662265,0.0037712861302432728,0.004271677950282271,0.36161591977050855,0.0,0.27074044589464646,0.8885330421728106,0.0,0.12726073113832603,0.14088102727780027,0.04806243948762761,0.009511681061142788,0.05725938829452924,0.007017703911286408,0.02094505979892725,0.009874570539550357,0.2153770657225644,0.2414334701877321,0.2921546567447256,0.25988924637452476,0.36161591977050855,0.15338921704942762,0.28958954017192023,0.27074044589464646,0.11381069594223461,0.45965190755836716,0.0287180813393133,0.08977889673148123,26.09715464426032,31.217452209024508,0.26444661038884554,0.7427592954118682,0.9183590002445948,1.1732501934043909,4
mission_completion,True,True,False,20.01,80.01,33,3,nan,-0.625,-0.625,0.5,-0.19375,-0.19375,0.56,-0.020611702127659576,-0.020611702127659576,0.059574468085106386,7009,7010,7011,0.07342885664102165,0.0392745074789589,0.05929369661167277,0.018263832894981718,0.14515297605529187,0.013660451763139516,0.008922279855241872,0.008207021795732586,0.006296479794470658,0.029592422252623155,4.395406091711456,1.9184240192857134,0.008560926976879537,0.0018027365623654867,7.176075373071383e-05,0.008368659509407614,nan,0.36061052604656346,0.29571925546760247,0,0.7941503404881688,0.02510873207028321,True,True,True,True,normal_completion,6.341131888000746,0.07732876205260991,0.1559547208237064,0.01807648389657299,0.04771774945672767,0.025380887919971944,0.008572723097130372,0.3649711099178085,0.0,0.4342672304294008,3.083252824089982,0.0,0.20162072835048764,0.22803739537473305,0.042149926329053906,0.010657663919583298,0.06213626373163317,0.012520031056290902,0.018498807543120735,0.007511477363993472,0.23004423712920968,0.4342672304294008,0.29087539031707627,0.33155256033980884,0.3649711099178085,0.2649201369232676,0.2856646067320368,0.2961424956986892,0.14074554594479513,0.79684094431137,0.0615741032670001,0.6786445045255878,24.29098174272077,31.53374169536734,0.3280976292008244,0.9960106167065278,0.8954828877017971,1.2273854263474702,4,0.0734311955835665,0.14507685190520714,0.013672494580001825,0.029592422252623155,0.0038199341960677164,0.008572723097130372,0.36061052604656346,0.0,0.29571925546760247,1.0244404277361054,0.0,0.16359523531156484,0.18240502587150154,0.039280967783240854,0.008929763606280006,0.05929445645599632,0.008217119171107607,0.018256875100409384,0.0062988397744308585,0.21759907440087553,0.29571925546760247,0.29087539031707627,0.18949627265765173,0.36061052604656346,0.19079845059531153,0.2856646067320368,0.19941465307534087,0.11325312280829881,0.6680000088539515,0.027715111364562586,0.08402391344587529,26.112328045324105,31.53374169536734,0.2784825405443991,0.6525638240669706,0.9225097466147628,1.1634508726891406,4
mission_completion,True,True,False,20.01,80.01,34,4,nan,-0.625,-0.625,0.5,-0.19375,-0.19375,0.56,-0.020611702127659576,-0.020611702127659576,0.059574468085106386,7012,7013,7014,0.07779491953886741,0.04871003164246832,0.05682350728781165,0.02122431018809812,0.16207911398484856,0.013478351854722168,0.008763357547221188,0.006436088191563799,0.007965318701073264,0.03178690277457542,4.16922572611219,1.7024283259959825,0.004378712642017649,-0.0005568217454811758,0.001230572851753136,0.004165184798019486,nan,0.3552350993029869,0.3230780562223351,0,0.7925517096864464,0.00522048252297734,True,True,True,True,normal_completion,6.5218596519998755,0.07558758448799811,0.1556889132745938,0.01702289752414634,0.046195342276705104,0.019812530109817733,0.004384954263840548,0.3598470218010074,0.0,0.42178586649530575,2.864446237924878,0.0,0.1935509666827739,0.22761939234713152,0.04500209675187811,0.012104176281860172,0.0576173552910934,0.009533424964796573,0.01919725464551552,0.007237524790688779,0.21796118679473625,0.42178586649530575,0.29343188459793196,0.28712219903635217,0.3598470218010074,0.2874148550327515,0.2949871130558082,0.2994523553147405,0.14035248015428264,1.284362875254999,0.05437010808101686,0.4342328259538431,24.25253850956528,31.00117254066081,0.31704682715973276,1.050967190682138,0.8771400174859076,1.2745917781703706,4,0.07779896687504301,0.16210828655358336,0.013474660375586067,0.03178690277457542,0.0023063875565953523,0.004384954263840548,0.3552350993029869,0.0,0.3230780562223351,1.2046181057202974,0.0,0.14494182378004425,0.1600740663417225,0.04869954626765202,0.008763645427410519,0.05683670051740332,0.006434263264561255,0.02122788059236872,0.007960229098608499,0.2139653061656552,0.3230780562223351,0.2872267319416857,0.17149596009238002,0.3552350993029869,0.2123188319659391,0.2885412318113482,0.1671585105577133,0.12222909631347437,0.48007020727177974,0.0315827872087105,0.12104603647937641,25.9655475423709,31.00117254066081,0.26242104422111534,0.6881888935078893,0.9212097725561426,1.1646835713262962,4
mission_completion,True,True,False,20.01,80.01,35,0,nan,-0.625,0.0,0.5,-0.19375,0.0,0.56,-0.020611702127659576,0.0,0.059574468085106386,7000,7001,7002,0.07105864014774757,0.045044848542117655,0.05113582135028585,0.020135037479389353,0.1421324424610127,0.01290372041162645,0.008407185809366715,0.006709637995840436,0.007127831731528333,0.031293592871615705,4.1685152144468764,1.8540964781529532,0.0055243911702450325,0.0003175247389776738,0.0008372055189762182,0.005451345041456668,nan,0.3343403200811519,0.26154372017606353,0,0.7792884708479677,0.013795193572612805,True,True,True,True,normal_completion,6.439323247000175,0.07518789444399195,0.14799045256264798,0.016960127071228487,0.05620126052276379,0.02340381545092498,0.005531535816904405,0.3343403200811519,0.0,0.35100456630747445,3.1465425600147037,0.0,0.18446261939664002,0.20988410407384628,0.04507016856804715,0.00993925352243519,0.057276728732450106,0.011379708563538206,0.01847364939252707,0.0077045040526897155,0.2524528292610948,0.35100456630747445,0.3203340329705932,0.2118033739650758,0.3343403200811519,0.30761273695914954,0.2554038139831826,0.26154372017606353,0.13838128385066942,0.9623990017987296,0.052056248103614824,0.5416503927807125,24.21939431869328,31.50118644791837,0.32158381889271376,1.2154583899547806,0.9014378056543023,1.2172792535149057,4,0.07106071553670001,0.1421349101258295,0.012905121621724042,0.031293592871615705,0.0033551183420297763,0.005531535816904405,0.3343403200811519,0.0,0.26154372017606353,0.8573601692255987,0.0,0.15443263588525719,0.16727858976243157,0.045039303966261816,0.008405752684548169,0.05114417344453192,0.006714281798044104,0.02013355193447262,0.007127685866685925,0.2486022428088043,0.22261414543117086,0.31568428646792884,0.2118033739650758,0.3343403200811519,0.1729701964084183,0.25246101539098964,0.26154372017606353,0.09330518385866969,0.449661542651171,0.02462146245185416,0.07853879383412103,25.941055336370177,31.50118644791837,0.2669673155080954,0.6865561403438512,0.9547427090993905,1.0939161292640145,4
mission_completion,True,True,False,20.01,80.01,36,1,nan,-0.625,0.0,0.5,-0.19375,0.0,0.56,-0.020611702127659576,0.0,0.059574468085106386,7003,7004,7005,0.0734034539988659,0.0449025719184435,0.054861203495695024,0.019028253863047268,0.15453583507628282,0.014463646439718708,0.009333686686666011,0.009369182804537133,0.00585643020478401,0.03755923772621736,4.419235217736576,1.7912443437801824,0.002169113330506052,0.0007481779320478305,-0.0002766749960082739,-0.0020171101529563307,nan,0.3259785481077838,0.2626250566229077,0,0.7972597781743993,0.0029066162036340023,True,True,True,True,normal_completion,6.3692166829996495,0.06810219579192596,0.14635578045804334,0.017574379321000175,0.050225681868571334,0.027719291555321407,0.002170304945984064,0.3364796913880184,0.0,0.31116434198500265,3.926864458864552,0.0,0.18780215926129934,0.21643513252034843,0.0402982947710985,0.010904980640570399,0.051722710387374984,0.012291363661623768,0.018404285924947073,0.00623398629168353,0.26406648064550065,0.3029356249845324,0.31896458064984956,0.2450037974720007,0.3364796913880184,0.23391298541143285,0.26102872721311005,0.31116434198500265,0.1220292045599807,0.688065125934699,0.06181604892567713,0.6805955057793186,24.31252435967088,31.698518410789337,0.3305864273306077,1.0611814548219682,0.9175078750693481,1.1789921934769114,4,0.07342701561527432,0.1544964154255675,0.014456729461276357,0.03755923772621736,0.00413577096699129,0.002170304945984064,0.3259785481077838,0.0,0.2626250566229077,1.0740672024661555,0.0,0.15058700560878926,0.1674458748134236,0.044905456516919136,0.009330679934785622,0.05488926247725809,0.009362095344195968,0.0190314335212955,0.005855476875311608,0.25263270531183457,0.2626250566229077,0.31137707985625157,0.20412214763026854,0.3259785481077838,0.22662345343918908,0.255799223031469,0.2507199969357596,0.10982672340194512,0.674711663062169,0.031965709847862324,0.09395922542353506,26.09379537075134,31.698518410789337,0.2718488676511845,0.8508573706673931,0.9555347213447349,1.0932072061804732,4
mission_completion,True,True,False,20.01,80.01,37,2,nan,-0.625,0.0,0.5,-0.19375,0.0,0.56,-0.020611702127659576,0.0,0.059574468085106386,7006,7007,7008,0.07763508451467786,0.04806584327964091,0.057253051639558815,0.020951590282749056,0.14852205606077867,0.014813471135302186,0.009387147133272605,0.007154088171562256,0.008952062232147165,0.03033692126460339,4.237506970306599,1.5055068966530811,0.004185308521627984,0.0004356295025220551,0.00033768140067951593,0.004148855942230259,nan,0.3304691940368209,0.2970153560514942,0,0.7671654408863997,0.007430999536225925,True,True,True,True,normal_completion,6.41510994500004,0.07571004906011654,0.15161641162772144,0.01854058135244058,0.04417812983966893,0.025521608144470364,0.00417765772121182,0.3304691940368209,0.0,0.2970153560514942,3.144576471415254,0.0,0.18992378256262088,0.22006787831935742,0.04197199696186579,0.010553884993571284,0.059837530193883826,0.013126741312041263,0.019744188512431243,0.0077496665060947925,0.25881409202251554,0.28840340215934984,0.3304691940368209,0.2462920238346285,0.3259372766379638,0.2578578870736258,0.2557338228066228,0.2970153560514942,0.12749117660285805,0.6274424237860075,0.0582297317267814,0.5167955791543577,24.22268062510576,31.224748667991555,0.330103242551193,1.034747373296611,0.9226711875467953,1.1679326348560264,4,0.07763547158589082,0.14857762685893075,0.014812856719425973,0.03033692126460339,0.0037850292136852636,0.00417765772121182,0.3304691940368209,0.0,0.2970153560514942,0.9693530131099405,0.0,0.12695953469463458,0.14049494314837144,0.04807612346449924,0.00938526490926998,0.057245645385129225,0.007155259489220084,0.020949675067406633,0.008952082909300758,0.24907752284570084,0.21004749577596393,0.3304691940368209,0.2336904333964229,0.3259372766379638,0.1754904049178544,0.2557338228066228,0.2970153560514942,0.11622263119060408,0.4562131783157213,0.028103499745584966,0.08342282973118098,26.097187335298287,31.224748667991555,0.26372503465890573,0.7480428360156327,0.954385768940779,1.095146412789026,4
mission_completion,True,True,False,20.01,80.01,38,3,nan,-0.625,0.0,0.5,-0.19375,0.0,0.56,-0.020611702127659576,0.0,0.059574468085106386,7009,7010,7011,0.07343053928169538,0.039283074158305065,0.05929116137415806,0.018260404343202804,0.1449885508203238,0.013354969566282932,0.008710264309092301,0.008183669014615416,0.005959368191454529,0.028012438225038783,4.360267908507608,1.9144013311644466,0.008372458249927597,0.001795178360088242,6.480232835322558e-05,0.008177480813825952,nan,0.32473005071147637,0.26694675022479636,0,0.7941428451105276,0.023142900332827215,True,True,True,True,normal_completion,6.343750971999725,0.07731635865405334,0.15580268358967864,0.0177151257238046,0.04615827897350236,0.02545076620997458,0.008384079447013996,0.32636146172165875,0.0,0.36831456660077333,3.4102054318223036,0.0,0.20103521467735055,0.22735797291148896,0.04213226691738412,0.010451063295324524,0.06213282497331613,0.012466341281551687,0.018498742139934073,0.007013650294903805,0.26116226512718854,0.36831456660077333,0.32636146172165875,0.29714530332808825,0.32349453844937365,0.2881110604293197,0.2518961959468212,0.3257796782577178,0.13748386015511171,0.7354846038205949,0.060903532820744934,0.6681298496859949,24.29083261481351,31.518365457392836,0.32714122448913924,0.9824877824234568,0.9210502760684975,1.1683243858834407,4,0.07343294905891956,0.14491295652800545,0.01336446159236384,0.028012438225038783,0.003754665836324939,0.008384079447013996,0.32473005071147637,0.0,0.26694675022479636,1.01993945478352,0.0,0.16324931996386036,0.18207690881516236,0.03928969348714635,0.008717299578347616,0.05929190973665762,0.008191408629597972,0.0182534224997947,0.005959727038888324,0.2470592687768839,0.26694675022479636,0.32473005071147637,0.17101347817062498,0.3226870572636161,0.21302378527642885,0.2518961959468212,0.21838921122927016,0.11072885688736836,0.6753093695793524,0.027120115089016145,0.08999209172888643,26.112055195452363,31.518365457392836,0.2775960233225888,0.6596506101234283,0.9523988696301174,1.0984409393718508,4
mission_completion,True,True,False,20.01,80.01,39,4,nan,-0.625,0.0,0.5,-0.19375,0.0,0.56,-0.020611702127659576,0.0,0.059574468085106386,7012,7013,7014,0.07789376026941315,0.04878557321389756,0.05689084966325266,0.021232921600510647,0.16226783526516433,0.013282129857934493,0.008532069569238979,0.006474449674990105,0.007854951548846212,0.03062611813998008,4.144040239370306,1.6940602456049845,0.00421822023793615,-0.000557425018908625,0.0012300988857845505,0.003996187690189293,nan,0.3274536897694176,0.28517280289123514,0,0.7925296156980315,0.005208787685000316,True,True,True,True,normal_completion,6.4138351250003325,0.07564386929888885,0.15574109290709756,0.016751351135826643,0.04559292869645361,0.019908805381886028,0.004224375299858125,0.3306506217842503,0.0,0.3642866249114554,3.2856747737445247,0.0,0.19271240256823677,0.2265679400339084,0.04505663466373076,0.011951110646649513,0.05764629523228871,0.009497972233221385,0.01920414750199243,0.006896900944935839,0.2522570071544308,0.3642866249114554,0.3306506217842503,0.25605588024387993,0.32297259426427166,0.3098885874025316,0.258403437981406,0.3274709578456432,0.13765631380852988,1.3321094424203608,0.053633181334288536,0.4568294694955204,24.252814888575102,31.000520595231237,0.31671792020446193,1.057745219196637,0.9059599882673777,1.20695154312115,4,0.07789798364975743,0.1622972594068097,0.013279625321062766,0.03062611813998008,0.0023792685806538327,0.004224375299858125,0.3274536897694176,0.0,0.28517280289123514,1.0243194768746513,0.0,0.14426754390184496,0.15921131408645217,0.04877530742886307,0.008532413723864632,0.05690410502855454,0.006472827982876937,0.02123647976518247,0.0078516789680108,0.25005581002193883,0.28517280289123514,0.3274536897694176,0.15674208000505352,0.3211063056315726,0.23230655065105724,0.25330062688385996,0.1948795177325771,0.11895411664784035,0.45315124115890626,0.030428752116619318,0.1001055708047339,25.96607092412725,31.000520595231237,0.2622300051048608,0.6672735307619402,0.9549029333536143,1.0931996019217831,4
mission_completion,True,True,False,20.01,80.01,40,0,nan,-0.625,0.625,0.5,-0.19375,0.19375,0.56,-0.020611702127659576,0.020611702127659576,0.059574468085106386,7000,7001,7002,0.07102666782953451,0.045046089558706454,0.05108726998652253,0.020142696040008793,0.1421271632547742,0.013218761014818172,0.008617347615845938,0.006697781213655252,0.0074576597970514805,0.030551832635104456,4.202155755621252,1.8617290046270518,0.00565065837222532,0.00032119314470449925,0.0008336181210555696,0.005579592801597866,nan,0.3502109963759037,0.31467009974859655,0,0.7792584841443465,0.014604484167115184,True,True,True,True,normal_completion,6.241913787000158,0.0751577218931656,0.14802111325494788,0.0171679995730428,0.05737574670802364,0.023345569664257878,0.0056576828878659455,0.3599111225846739,0.0,0.3333956386389327,3.6666717650089113,0.0,0.18481601016171265,0.21052829056023423,0.04507317327400398,0.01011650586770259,0.057232969018946825,0.011401207825778054,0.01847916308868747,0.007899935346707219,0.28868627562786026,0.3151545386421999,0.3599111225846739,0.1962820519958313,0.29982817592845534,0.3333956386389327,0.21790084413397323,0.31467009974859655,0.13890331176404203,1.0033660619901923,0.05245926080154379,0.5649862726378014,24.219324485423908,31.524335469418702,0.3221677349139342,1.2217790552691916,0.868275041298472,1.2972522504456647,4,0.07102869919534818,0.14213071817186865,0.013220171679110432,0.030551832635104456,0.003391739112328119,0.0056576828878659455,0.3502109963759037,0.0,0.31467009974859655,1.118173466606871,0.0,0.15512548398882745,0.1680844316460594,0.04504046433336444,0.008615575011727062,0.05109562960192173,0.006702869138475537,0.02014123426211515,0.007457637142884467,0.28537659570479096,0.1979071462215781,0.3502109963759037,0.1962820519958313,0.29982817592845534,0.19078630691986348,0.21695058775882747,0.31467009974859655,0.09661597646476532,0.46299297614284285,0.025005726007311553,0.10208009429512932,25.94126042552406,31.524335469418702,0.2678205548436531,0.708770998725653,0.9187181810636673,1.1716330904379735,4
mission_completion,True,True,False,20.01,80.01,41,1,nan,-0.625,0.625,0.5,-0.19375,0.19375,0.56,-0.020611702127659576,0.020611702127659576,0.059574468085106386,7003,7004,7005,0.07342304970682684,0.0448966980511879,0.054893015857846984,0.01902597020868534,0.15456426426992936,0.014719818730739584,0.009456956875074555,0.009406515078294621,0.0062254722078431335,0.036309302464855635,4.436978768121308,1.7998256779156958,0.0020524230501444466,0.0007488963922752806,-0.00027819225476828635,-0.0018905564365520114,nan,0.34968525023915914,0.2887266951117602,0,0.797284458303231,0.001379910566255881,True,True,True,True,normal_completion,6.108685177000552,0.06810036984855382,0.14641280819549612,0.017863145035461065,0.04966219509605636,0.027692207527241684,0.002053550724321772,0.3627390825709524,0.0,0.3401796467425036,4.566526705126482,0.0,0.1883957548140229,0.21715227687651287,0.04025598238071061,0.011102823381557986,0.05175375717035961,0.012293964105188716,0.01840284963871593,0.006684138695163191,0.3054365074343472,0.27769538280417405,0.3627390825709524,0.22225384051249064,0.2961742009052121,0.26095156524325835,0.2251830388274481,0.3401796467425036,0.12471045354266536,0.7265568524902477,0.062412013495091755,0.6905904019021092,24.31244007674098,31.706459804682154,0.33113299737816565,1.0756603309410677,0.8994412353725948,1.2181244527614417,4,0.07344663463120983,0.1545241139749088,0.014711602160793053,0.036309302464855635,0.004054852291833768,0.002053550724321772,0.34968525023915914,0.0,0.2887266951117602,1.0226966670996849,0.0,0.15132610669838198,0.16831023153334496,0.04489972577887335,0.009454133060255566,0.054920976179581915,0.009398007161140047,0.019029165486542036,0.006223187898143039,0.2896016032606709,0.23618263507131548,0.34968525023915914,0.18596229945581572,0.2880911639119458,0.24819146400331235,0.2180085595016584,0.2887266951117602,0.1107056546453221,0.648560394630536,0.03152334041176652,0.09664369140661394,26.09385988739507,31.706459804682154,0.2717631930537882,0.8375575215415718,0.9194112541421877,1.1711736706538234,4
mission_completion,True,True,False,20.01,80.01,42,2,nan,-0.625,0.625,0.5,-0.19375,0.19375,0.56,-0.020611702127659576,0.020611702127659576,0.059574468085106386,7006,7007,7008,0.07761985016270859,0.04805037396265668,0.057244011003374055,0.020955331196995365,0.14845766352600148,0.014843852008189554,0.009597416179879891,0.007150463960403778,0.008780683929067135,0.029865658928088828,4.268644057476439,1.5162389231683941,0.004390992995365315,0.0004556540684826464,0.0003291338339128508,0.0043548673659017795,nan,0.37166142646392347,0.3616262090154495,0,0.767159128537795,0.010628118384403354,True,True,True,True,normal_completion,6.148179142999652,0.0757050035047193,0.15165328768498157,0.018729423178738432,0.045037187344506235,0.02549028383355887,0.004383407487851888,0.37166142646392347,0.0,0.3616262090154495,3.6436336307198305,0.0,0.19063524870231427,0.22069567726136485,0.041923053773052464,0.010732141137751307,0.05986404761335273,0.013127554903287465,0.01974844098498788,0.007954856470661416,0.2959116885418626,0.25726126421664847,0.37166142646392347,0.22380911881832533,0.2886936885248067,0.2916800367036791,0.21977051713804857,0.3616262090154495,0.13284745970929307,0.6513891115701682,0.05903889762571772,0.5214501331607709,24.222668209342213,31.221067372518647,0.3306112432925722,1.0385459494235603,0.8871764372170201,1.2489726603670606,4,0.07762036470702963,0.1485145486195427,0.014844366006080818,0.029865658928088828,0.003782325214354767,0.004383407487851888,0.37166142646392347,0.0,0.3616262090154495,1.0823437327370917,0.0,0.12783453682737045,0.14130862254764417,0.04806066635747571,0.009596077030424836,0.057236764356870314,0.007152782050030402,0.0209534286569953,0.008781128440775908,0.28419030368112697,0.1895497893429788,0.37166142646392347,0.21786217534288904,0.2878618603974439,0.193743495028021,0.21977051713804857,0.3616262090154495,0.12275219426577945,0.5427827466459973,0.028476171602403243,0.09665863773700115,26.09729823054281,31.221067372518647,0.2638231955080704,0.7574528099690032,0.9210956300883959,1.1665673759740134,4
mission_completion,True,True,False,20.01,80.01,43,3,nan,-0.625,0.625,0.5,-0.19375,0.19375,0.56,-0.020611702127659576,0.020611702127659576,0.059574468085106386,7009,7010,7011,0.07339083081845568,0.03925876866808378,0.05925850488290034,0.018259045153905095,0.144783015877191,0.013351391331250224,0.008887053999762876,0.008026518873801606,0.005903805252037731,0.026545062961484324,4.363171750855698,1.9155600232076126,0.008467645061083653,0.001787776441220714,6.230848950916634e-05,0.008276532240548917,nan,0.3563329167293165,0.24719601291619217,0,0.7941367375503605,0.021618798200964774,True,True,True,True,normal_completion,6.295227704999888,0.07728648686728949,0.15569978149734504,0.01781971229978041,0.04637874288897571,0.025421194770963915,0.008479146366825447,0.36396568093389925,0.0,0.38262732944037237,3.8674919137413752,0.0,0.20137185665092597,0.22784765749709227,0.04206082327319527,0.010648671356152705,0.062144257264924764,0.012404412080588966,0.018498094141278204,0.007090733793517897,0.29339369508701074,0.316238362642944,0.36396568093389925,0.2738739174217939,0.28737028398589354,0.3158866969316325,0.2155197258358066,0.38262732944037237,0.14054110075049067,0.7236207146309113,0.0612030782950112,0.6560500886013207,24.290576514731846,31.499976499076993,0.3271389752239782,0.9947935451989097,0.8878171958909844,1.246256991138973,4,0.07339331060276424,0.14470708521811163,0.013358559962877147,0.026545062961484324,0.0037988901087675055,0.008479146366825447,0.3563329167293165,0.0,0.24719601291619217,1.324020589756097,0.0,0.16331993645989304,0.18222811821718884,0.03926557184212956,0.00889357530590625,0.059259227059487954,0.008032243164530823,0.01825203872054954,0.005902415802517366,0.28506838266360063,0.24612724074912945,0.3563329167293165,0.15703241636766918,0.28737028398589354,0.23794010038453908,0.2125986014310255,0.24719601291619217,0.11164157458195931,0.6712146316263699,0.027458770782302445,0.10071398039700398,26.111678857991578,31.499976499076993,0.2770234597485656,0.673839556206963,0.9165220175742882,1.1762363162469633,4
mission_completion,True,True,False,20.01,80.01,44,4,nan,-0.625,0.625,0.5,-0.19375,0.19375,0.56,-0.020611702127659576,0.020611702127659576,0.059574468085106386,7012,7013,7014,0.07789961542691265,0.04884577404261764,0.056844638548119705,0.021239762479181627,0.16223605097981994,0.013565314002984068,0.008549002666063838,0.006495853677087185,0.008290728702657098,0.03224288848542456,4.147573894992404,1.6959178181898262,0.0043394579273757245,-0.000561020815800891,0.0012283163389382006,0.00412400166333618,nan,0.3704164181677545,0.2591357576823846,0,0.7925013226250862,0.004530360717845172,True,True,True,True,normal_completion,6.246368251000604,0.07561951982206289,0.1557417924990388,0.01693371335126024,0.04606379840996796,0.019844525268721318,0.004345777799413695,0.3704164181677545,0.0,0.3885050179523522,3.8952264296997887,0.0,0.19303173409004012,0.22696481470265317,0.04506410751883923,0.012092605354486165,0.057606617600427804,0.009439999429248594,0.019209778767282634,0.007169794584162645,0.2872269275781797,0.3267964361661829,0.3704164181677545,0.2329969576505516,0.2888212328267807,0.34115103518738915,0.22213912176029912,0.3885050179523522,0.1413210217081806,1.4178564512184266,0.053872785159970904,0.49014583583673255,24.25279064793307,31.005068951400496,0.317129788311623,1.0607485109704564,0.8719409775734138,1.287661447716731,4,0.07790400683433717,0.1622656896673639,0.013563404852271898,0.03224288848542456,0.0022959951018892244,0.004345777799413695,0.3704164181677545,0.0,0.2591357576823846,0.9066136854316323,0.0,0.14447652801757277,0.15921471789408703,0.0488358260017408,0.008549198318293445,0.0568578785753,0.006494025647362852,0.021243305380486133,0.008288835273578241,0.28494495779073925,0.2591357576823846,0.3704164181677545,0.14313188805297555,0.28582390905328553,0.2566491723460634,0.22213912176029912,0.23142300962141762,0.12059741201677739,0.46919452650534765,0.02989819427816759,0.08835539281155735,25.96634466010039,31.005068951400496,0.2624971581138324,0.6536449637827824,0.9189244467266047,1.1708658591291412,4
mission_completion,True,True,False,20.01,80.01,45,0,nan,-0.625,1.25,0.5,-0.19375,0.3875,0.56,-0.020611702127659576,0.04122340425531915,0.059574468085106386,7000,7001,7002,0.07092364831375657,0.04497314067734779,0.0510073493471894,0.020145243118976915,0.14195434164396786,0.014305244993845395,0.009284617035324657,0.006730951768912122,0.008551620263194398,0.03269078801602569,4.325745401715203,1.878304875067704,0.006076997953602795,0.0003277191978676569,0.000836569388206955,0.006010212634687442,nan,0.3949639663848273,0.39793943439706936,0,0.7792183103132706,0.015431715499305767,True,True,True,True,normal_completion,6.297962450000341,0.07503150121993006,0.1479792089273335,0.017965691776142,0.06062709181451234,0.023174489168518875,0.006083856112998859,0.39697421391570825,0.0,0.39793943439706936,4.446023049825156,0.0,0.18624929253316838,0.21265000139974657,0.04500705912479939,0.01071117727792507,0.05711845589849298,0.01147454449929897,0.01848168823525307,0.008739084096734951,0.32963295471277393,0.28980551679135763,0.39697421391570825,0.18448205028302994,0.2580968036596105,0.37163302137719734,0.18195631808995047,0.39793943439706936,0.14752535449307622,1.0724696204000708,0.05419233246833185,0.5889362634564531,24.21893678108352,31.548595712802136,0.32407704300151335,1.2531650985055596,0.8330706657146345,1.3867644505152477,4,0.07092587554636659,0.14195967907236176,0.014307940625957019,0.03269078801602569,0.003526800899491465,0.006083856112998859,0.3949639663848273,0.0,0.39793943439706936,1.6935643589399112,0.0,0.15670878309541386,0.16990015620649354,0.04496766379235936,0.009283708153105993,0.051015838235840154,0.006737472948199245,0.020143815035156734,0.008551981416966946,0.3235549389445632,0.17823457263349957,0.3949639663848273,0.18448205028302994,0.2580968036596105,0.21967874449248045,0.18195631808995047,0.39793943439706936,0.10523751202757768,0.48402556096483806,0.026737039894586638,0.12533225774185416,25.941072764072942,31.548595712802136,0.26999069903410133,0.7294379000115213,0.8817906669899364,1.2555325288632389,4
mission_completion,True,True,False,20.01,80.01,46,1,nan,-0.625,1.25,0.5,-0.19375,0.3875,0.56,-0.020611702127659576,0.04122340425531915,0.059574468085106386,7003,7004,7005,0.07323125688976571,0.044758497688370244,0.05475230383817279,0.019017862517838904,0.1541825453962873,0.015595327294518607,0.010002236262451645,0.009342135181460015,0.007476229893775375,0.035333434543939245,4.505884578604938,1.8209227148848517,0.0016124993439808276,0.000749890011957334,-0.00028112585670424933,-0.0013995668462054717,nan,0.38764113169614717,0.35129321227022736,0,0.7973344740705685,0.0010033346119828837,True,True,True,True,normal_completion,6.3208222120001665,0.06803855132734966,0.1465197246084214,0.018903074462335984,0.05234813485812734,0.027530731145487743,0.0016130287422641977,0.40220091330323393,0.0,0.42601950357522145,5.493409555965862,0.0,0.19030382591416353,0.21940660348304966,0.04012390234732189,0.011776292581118985,0.05177609371432675,0.012340515148000277,0.018399811054253437,0.008145970970637975,0.3437649045184012,0.2520260700980833,0.40220091330323393,0.2092359326839754,0.26168929374874345,0.2960301489443776,0.1861131591781229,0.42601950357522145,0.13386222660388775,0.7607705989036191,0.06443309119662763,0.6960633382187251,24.31227992114577,31.694621648737243,0.33324955084592967,1.0805943685078134,0.8621166902103152,1.3074855319511671,4,0.07325480023707048,0.15414088258014444,0.015586357989298872,0.035333434543939245,0.0037568191046874495,0.0016130287422641977,0.38764113169614717,0.0,0.35129321227022736,1.523447972546852,0.0,0.1530731367699112,0.17030621925256423,0.04476169608784947,0.009999290558297916,0.05478005554373013,0.009333062810979972,0.019021089236369852,0.007472796147869788,0.3276461464262785,0.21628440554471917,0.38764113169614717,0.17035759234716805,0.25509774607209296,0.27147642147163786,0.18395840177499184,0.35129321227022736,0.11582899778107053,0.6433680311526757,0.03214038525947165,0.10477830264847975,26.09319475968962,31.694621648737243,0.27233433449304806,0.8276803199806251,0.8824945422273843,1.2545545494972954,4
mission_completion,True,True,False,20.01,80.01,47,2,nan,-0.625,1.25,0.5,-0.19375,0.3875,0.56,-0.020611702127659576,0.04122340425531915,0.059574468085106386,7006,7007,7008,0.07750762720617135,0.04795248935920985,0.057173465480508195,0.020956762257916584,0.14815426520165886,0.015530055890224725,0.010161004588258865,0.007153337725402576,0.009314847346962692,0.030475421093032563,4.3578611512477075,1.5446928084692424,0.004968782152944351,0.00047742133967022815,0.0003172132739921868,0.004935609454429002,nan,0.4142889439448165,0.4545222573228144,0,0.7671778548294685,0.015199637467297033,True,True,True,True,normal_completion,6.26787469699957,0.07567088237010497,0.15173434131938213,0.01956698770275404,0.046276454007821426,0.025330203510561453,0.004961500191338933,0.4142889439448165,0.0,0.4545222573228144,4.341748263561768,0.0,0.19289669762369246,0.22287395311483385,0.04177366094152328,0.011303654451765214,0.05992487290658541,0.013156146162570742,0.01974976701995496,0.009055949532980589,0.33193732030894924,0.23576356445444868,0.4142889439448165,0.21233104335230107,0.25520101477175866,0.343074049417367,0.18384552781650218,0.4545222573228144,0.14591544098253115,0.7696113487093328,0.06150677227490157,0.5247499846762101,24.222503148187098,31.210086112566547,0.3325891970279677,1.0463848313042485,0.8493481825606657,1.3403627220308685,4,0.07750819447212526,0.14821399190008436,0.0155329887003823,0.030475421093032563,0.0038129673430583335,0.004961500191338933,0.4142889439448165,0.0,0.4545222573228144,1.4467824667001197,0.0,0.1302732865991687,0.14372239591717179,0.047962737995477484,0.010161380093514007,0.0571663316007548,0.007157092952802362,0.020954868303535407,0.009316443153172151,0.31547695752292215,0.17669475600222706,0.4142889439448165,0.2048144466360184,0.2493636444069448,0.20835129486542942,0.18314747434583992,0.4545222573228144,0.1341248177290305,0.6604168648561171,0.030949832581662066,0.1258915753925232,26.09715263943567,31.210086112566547,0.26558467216593634,0.7736588391355872,0.8845409777831521,1.2494177414016265,4
mission_completion,True,True,False,20.01,80.01,48,3,nan,-0.625,1.25,0.5,-0.19375,0.3875,0.56,-0.020611702127659576,0.04122340425531915,0.059574468085106386,7009,7010,7011,0.07324528192677278,0.03913125720117876,0.059161795627082084,0.01826192685800145,0.14433944140228314,0.013811216479117911,0.009494031004929978,0.007938344930976038,0.006131537789766328,0.028932744673258782,4.439956263420173,1.9227099035266015,0.008859743535889784,0.0017781029613959907,6.625319185628309e-05,0.008679228991966076,nan,0.38948294260298716,0.29709202968266407,0,0.7941367073439434,0.019936223248612134,True,True,True,True,normal_completion,6.270262713000193,0.07717097500398425,0.15546246891530888,0.018468140965380245,0.04761277377560684,0.025301575995875094,0.008870832709067909,0.40552623983786906,0.0,0.4682114344192781,4.442454426005735,0.0,0.2027910068110104,0.22967441743630956,0.04187618643984509,0.011256665344314618,0.06212595728678917,0.01236907047296394,0.018496211058509883,0.007833633363779157,0.32977512061696734,0.27811516234621175,0.40552623983786906,0.25265527712467095,0.2546538848853936,0.34605749525873775,0.1841821203134481,0.4682114344192781,0.1507163717291672,1.0393829898141291,0.0627714355672148,0.6381203313450425,24.28982350989105,31.494738322935962,0.3285148008845995,1.0181001986207696,0.8538149360413692,1.3298125575235893,4,0.07324773333606958,0.1442616396129188,0.013815395878695678,0.028932744673258782,0.003976519953200745,0.008870832709067909,0.38948294260298716,0.0,0.29709202968266407,2.0454442163551474,0.0,0.16382553154269283,0.18299374439354896,0.03913809238707714,0.009499887940069522,0.059162475938913134,0.00794142556401466,0.01825490629803666,0.0061278913520409,0.322910477731568,0.22441374553760274,0.38948294260298716,0.14608209540819622,0.24899743257672444,0.2678472040160312,0.17072432252319397,0.29709202968266407,0.11735802222962873,0.6708057811603396,0.029051473841853397,0.12782754573049832,26.110914957291186,31.494738322935962,0.2782628897374102,0.6938707612618173,0.8797955323817904,1.2595946450233362,4
mission_completion,True,True,False,20.01,80.01,49,4,nan,-0.625,1.25,0.5,-0.19375,0.3875,0.56,-0.020611702127659576,0.04122340425531915,0.059574468085106386,7012,7013,7014,0.07782639912491977,0.04883039801228639,0.05675519698278445,0.02124589951398494,0.16206583066185942,0.014242124477251183,0.008836626962625585,0.006452944750357434,0.009116558429459612,0.03538801828557296,4.178148867733953,1.7066018891259318,0.004783679472523469,-0.000568840849368351,0.0012285654058908774,0.004588097255658438,nan,0.40914586617343857,0.29214148510566246,0,0.7924643356767447,0.004149093467096657,True,True,True,True,normal_completion,6.283132437000859,0.07546856973344113,0.15562162781604819,0.017648948904568387,0.04910407632108047,0.01960469127133429,0.0047902063125232885,0.40914586617343857,0.0,0.47548583907896896,5.021374255943474,0.0,0.19462419885078222,0.22899912964349683,0.045020828875509726,0.012534497045082004,0.05744079122841318,0.00940833681474976,0.019214200166210067,0.008115108110377857,0.325134812459817,0.29816941394096175,0.40914586617343857,0.21751867546787113,0.25564312570904485,0.37644542027733907,0.18968430979953574,0.47548583907896896,0.15444744252223955,1.6236463421277563,0.05569276114070216,0.5484352233515573,24.252384188507094,31.004768642422277,0.3186430812633526,1.057266477048384,0.8360610225993002,1.377488273489109,4,0.07783106222528237,0.16209506292947382,0.014240065414471956,0.03538801828557296,0.0020810436694124264,0.0047902063125232885,0.40914586617343857,0.0,0.29214148510566246,1.0945294834960364,0.0,0.14542250972453463,0.16005824402030303,0.04882099803003577,0.008836427345907448,0.0567683557422757,0.006451050908533188,0.02124942786960282,0.009114875585791207,0.3195010336041672,0.239271722221061,0.40914586617343857,0.131104179289048,0.24803654847953596,0.29214148510566246,0.18968430979953574,0.2771694961536439,0.1269919508290251,0.5945081337510203,0.03024781410189425,0.0903973404472144,25.966227419169687,31.004768642422277,0.26339356241242906,0.6558563755107348,0.8824126843475153,1.253771495089127,4
mission_completion,True,True,False,20.01,80.01,50,0,nan,0.0,-1.25,0.5,0.0,-0.3875,0.56,0.0,-0.04122340425531915,0.059574468085106386,7000,7001,7002,0.07106111507781422,0.044916816654323316,0.05125721189780254,0.02012113034121167,0.14210506572524945,0.013541963034510773,0.009387810375736333,0.006531444278230853,0.007252173110016023,0.033663485692212246,4.316997486540932,1.8649556289062053,0.005901622664753706,0.00031095305013965387,0.0008389521222888982,0.005833405318872539,nan,0.36237384907691916,0.28470953939840205,0,0.7793405483865563,0.013327399609241399,True,True,True,True,normal_completion,6.298914058000264,0.07517980755242963,0.148227745300677,0.01768527352526937,0.06189811562535879,0.023229163050855692,0.005908942789027429,0.3666690480270441,0.0,0.43739881102082057,3.5008776143383025,0.0,0.18564247218892135,0.21174449559354075,0.04497293494037159,0.010745897026507316,0.05734658335644638,0.011280067581403572,0.018460984909034726,0.008369866911621894,0.21782688500075328,0.43739881102082057,0.22602076766722168,0.3095356953514955,0.35965695568003303,0.2911094172901205,0.3666690480270441,0.19353730866167465,0.14920255743033956,0.9706154428533296,0.053762867007412826,0.49427190171252894,24.219411585888103,31.469603576722378,0.3228515461904111,1.2569995860976557,0.8696345533080528,1.2914265482842082,4,0.0710632407529236,0.14210687125962376,0.013542324893508224,0.033663485692212246,0.003489020267972266,0.005908942789027429,0.36237384907691916,0.0,0.28470953939840205,0.9693570455947224,0.0,0.15524434491290467,0.1679766233940711,0.04491127249996255,0.00938683727460453,0.051265597176760117,0.006536050752069633,0.020119650465459254,0.007249957935588146,0.21098157756197877,0.2531477759168601,0.21528836144210112,0.28470953939840205,0.35724027292646476,0.15910063519824547,0.36237384907691916,0.19353730866167465,0.09588747119287366,0.42800815189903574,0.026483886095093587,0.07984356548202728,25.940788896636825,31.469603576722378,0.26824770809702403,0.6856690987592085,0.919124058734722,1.169735130156404,4
mission_completion,True,True,False,20.01,80.01,51,1,nan,0.0,-1.25,0.5,0.0,-0.3875,0.56,0.0,-0.04122340425531915,0.059574468085106386,7003,7004,7005,0.07316600593519647,0.04469762452629301,0.05471283918508516,0.019023459583439175,0.1543658932094463,0.015120848008409404,0.010180736304912834,0.009057033921400217,0.006554600623215238,0.03976422666609476,4.505985477344495,1.8037069696856662,0.0017862112474149206,0.0007539572843735855,-0.00026913965560472486,-0.0015967663822590156,nan,0.36517311724208823,0.3091947150863539,0,0.7972547405765851,0.003830783376094971,True,True,True,True,normal_completion,6.327721351999571,0.06793796320807619,0.14638762286459586,0.018542114989956913,0.049231565408076106,0.027475754167041757,0.0017869306766922029,0.3795612214855022,0.0,0.37535049453683544,4.110401576714508,0.0,0.18925254203488112,0.21815784713469205,0.04019190522017815,0.011747096310342082,0.05158951934140695,0.012097910975207333,0.01840377933351538,0.007710791568463662,0.2199758436157697,0.31698567150083057,0.21308717761989138,0.37535049453683544,0.3795612214855022,0.20631176523537972,0.36864465600465335,0.2495559399394446,0.12864336746202304,0.6961558742589062,0.0632794149246639,0.6606691557156154,24.312522693063627,31.666169079243584,0.3321866051671189,1.0490486753839379,0.8757675142367735,1.2746972702581565,4,0.07318963332397808,0.1543285458293978,0.01511640800789372,0.03976422666609476,0.0038670409676642378,0.0017869306766922029,0.36517311724208823,0.0,0.3091947150863539,1.2905553367764413,0.0,0.15142749677596967,0.16823031619972292,0.044700410716630945,0.010178446849807775,0.05474105252841613,0.009052905273691297,0.019026635959729088,0.006553618610532952,0.21597378972050665,0.2922613116566957,0.21308717761989138,0.3091947150863539,0.36517311724208823,0.20631176523537972,0.35805793708655675,0.19469710020025907,0.11777011797129244,0.6961558742589062,0.03491043315459787,0.1310056533159331,26.09294282183104,31.666169079243584,0.2731263544780796,0.8596691508209087,0.9175246386752595,1.171657488215345,4
mission_completion,True,True,False,20.01,80.01,52,2,nan,0.0,-1.25,0.5,0.0,-0.3875,0.56,0.0,-0.04122340425531915,0.059574468085106386,7006,7007,7008,0.07761575915281248,0.04800156392309655,0.057280733609535395,0.020951694130969745,0.1484872907347271,0.015927216459475372,0.010109644471425875,0.006653798357278606,0.010353660233416355,0.03426571258378609,4.315148979533334,1.5215116279060383,0.004534246405163659,0.0004080272546493766,0.00032201028496360584,0.004504354959212309,nan,0.35951631534790557,0.3396971573289565,0,0.7670772727975121,0.010226503930427672,True,True,True,True,normal_completion,6.286839448000137,0.07564284078428257,0.15172717871900723,0.019455043746841396,0.04640289055176999,0.02535435413092547,0.0045263492719021655,0.36080948540322483,0.0,0.34741958423244196,3.6303557405006845,0.0,0.1916240124978236,0.22196670349060266,0.04188274281696537,0.011295604316781872,0.05981859470742483,0.012933990256103098,0.019733497998913066,0.009144394259066109,0.2174272529420323,0.32986839304251475,0.21572590044252954,0.34741958423244196,0.35951631534790557,0.22998735122667677,0.36080948540322483,0.22729924680708252,0.13175494538609847,0.6224434864083577,0.05881019977393283,0.4981921179984472,24.22242517650186,31.193485499299406,0.3316513992866894,1.0347487778198614,0.8872961253551657,1.2466939181882672,4,0.07761581834694427,0.1485419375155169,0.015928356739140614,0.03426571258378609,0.003758673155070228,0.0045263492719021655,0.35951631534790557,0.0,0.3396971573289565,1.0969169275036867,0.0,0.12832737911167266,0.14202664763768838,0.04801226314124661,0.010109430915451285,0.05727255330214957,0.006652366756585894,0.020949760952669098,0.010356542449626464,0.2174272529420323,0.2502470494071757,0.21426418621464993,0.3396971573289565,0.35951631534790557,0.15470032346971302,0.3564756861422398,0.22729924680708252,0.1184474940839467,0.5731140177422986,0.02944446620235758,0.09691074865121398,26.097589218972768,31.193485499299406,0.26556069219425676,0.7537523605324741,0.9169640701211887,1.174849987996403,4
mission_completion,True,True,False,20.01,80.01,53,3,nan,0.0,-1.25,0.5,0.0,-0.3875,0.56,0.0,-0.04122340425531915,0.059574468085106386,7009,7010,7011,0.07338287995693529,0.03926662423093142,0.05924039661180773,0.018268954583022096,0.14519337904002774,0.014213749160377714,0.009913982775764758,0.007904019799047077,0.006424179459841455,0.031026798362154964,4.5172393287697465,1.926925007757025,0.00880471116521805,0.0018162233630935492,9.425963654299818e-05,0.0086148352578089,nan,0.35972967676132456,0.3070691837745884,0,0.7941344403504909,0.026212462895124813,True,True,True,True,normal_completion,6.355074513000545,0.07733395109672964,0.15618347156332474,0.018854481393837542,0.05204949803508015,0.025222125505120423,0.008816641653641969,0.3701332606755096,0.0,0.4243385199047511,3.962017327638561,0.0,0.20252517396315178,0.2294743313601137,0.042164065116418285,0.011464825527987324,0.06213305215266384,0.012415963880613827,0.018499065794903416,0.008360208439905618,0.2307706378360989,0.4243385199047511,0.2136495291366832,0.4181446501972576,0.3701332606755096,0.25582594441501794,0.35806153911915284,0.27298320913570356,0.15055116031727606,1.049960573856822,0.06386619763046698,0.6875198883736404,24.291221846004508,31.527010617977,0.33022796529030246,0.9976682259875366,0.8917495883409672,1.2333231766252017,4,0.07338514669613487,0.1451177033331141,0.014228112747037105,0.031026798362154964,0.00392737370345196,0.008816641653641969,0.35972967676132456,0.0,0.3070691837745884,1.0392409451416966,0.0,0.16420203782775358,0.1830890435642918,0.039272906260313135,0.00992223249112309,0.05924115583145595,0.007914794061121989,0.018262093123052575,0.00642997120557543,0.21700609151141506,0.3070691837745884,0.2136495291366832,0.2455120818876064,0.35972967676132456,0.19056352656298162,0.35806153911915284,0.16359476712054682,0.11648855674152173,0.6716116029153198,0.027996205762905627,0.08158860732180398,26.112462634863743,31.527010617977,0.2798979592396477,0.6887652775239171,0.919705665149937,1.167859461178041,4
mission_completion,True,True,False,20.01,80.01,54,4,nan,0.0,-1.25,0.5,0.0,-0.3875,0.56,0.0,-0.04122340425531915,0.059574468085106386,7012,7013,7014,0.0777448113114389,0.04866714942643707,0.05679682762965691,0.021210483817280707,0.1622711230750084,0.013802506530996737,0.009266222001597053,0.006346933492110916,0.00802263993969865,0.036350440407330584,4.221536568369577,1.722367600500577,0.004672929839259585,-0.000540027698081783,0.001246194291650335,0.00447120153374965,nan,0.36427704811994377,0.34662690425169607,0,0.7925543977757658,0.006193334349801273,True,True,True,True,normal_completion,6.289983903000575,0.07555008974767079,0.15579943401131158,0.01744753611949616,0.046634105601782,0.019649155171542004,0.004679573278119309,0.3664779985269279,0.0,0.4272473462405711,3.1999133060057923,0.0,0.19485109338266227,0.2293955794214601,0.04498930729542965,0.012561811063430075,0.05758097753951272,0.009414660005527245,0.019188780981413144,0.007614564756316319,0.21753082840059412,0.4272473462405711,0.21729311798923664,0.3726570598045297,0.3644689510827821,0.28480341345982485,0.3664779985269279,0.25592788712337877,0.14446196529475114,1.2236596480375255,0.055054087269231756,0.41991366669266994,24.252402489014656,30.9986909611696,0.317961544510505,1.050143594098991,0.8785403310176366,1.269856291334595,4,0.07774880610295627,0.16230066795779177,0.013796927403389728,0.036350440407330584,0.0021449357909090645,0.004679573278119309,0.36427704811994377,0.0,0.34662690425169607,1.2856764158971197,0.0,0.14656433705024016,0.16160905587692617,0.04865653585247471,0.009266391357518439,0.056810051440845104,0.006344095525718681,0.021214061953347532,0.008015088829468471,0.2088701532921533,0.34662690425169607,0.2146765603526251,0.224000293767282,0.3631650312953754,0.20869621263860577,0.36427704811994377,0.14321835677302608,0.12339977514262691,0.4621971446561588,0.031971587558768076,0.12720411351545294,25.96543591751632,30.9986909611696,0.2631393136673505,0.6986064257309599,0.9166758994881767,1.174520525003684,4
mission_completion,True,True,False,20.01,80.01,55,0,nan,0.0,-0.625,0.5,0.0,-0.19375,0.56,0.0,-0.020611702127659576,0.059574468085106386,7000,7001,7002,0.07111243216968766,0.04503154727749552,0.051223128737473665,0.020132780265708798,0.14220798699082793,0.01270246088119947,0.008787582928117604,0.006616482173671279,0.006352406029635446,0.03009918750631835,4.220499188059232,1.854312908983325,0.005503555364503483,0.00031293759770783977,0.0008324578744074301,0.005431225054942299,nan,0.32444630548327785,0.24862169945457013,0,0.779294546039247,0.013101146496339606,True,True,True,True,normal_completion,6.203934961999948,0.07522634433220737,0.14811756404112464,0.01687837301127285,0.056282739462439405,0.023433165042287308,0.005510732420778632,0.32986725911846415,0.0,0.35189820587334375,3.110489753770788,0.0,0.1842374598045093,0.2097332080377435,0.04505078879107541,0.010213087680650238,0.05734376750458158,0.011235514952581226,0.018469478586853418,0.00737126307259059,0.25542364360072417,0.35189820587334375,0.257993530076173,0.2610766744781179,0.32444630548327785,0.30891542702783276,0.32986725911846415,0.2079636414741892,0.13854476259607598,0.9492153882729184,0.05220901002893248,0.5235334505376972,24.219560949576373,31.48212866878534,0.3213802277507842,1.220254446455682,0.910686991790137,1.1933943708977384,4,0.07111441393275751,0.14221053563641442,0.012703228248513778,0.03009918750631835,0.0033678353728742554,0.005510732420778632,0.32444630548327785,0.0,0.24862169945457013,0.8093729034868191,0.0,0.15433048882302255,0.16711494022595352,0.04502601854765549,0.008785575494477478,0.05123132111685523,0.006621069964420348,0.020131300488727084,0.006351937003066541,0.24697243613252137,0.21997760249240866,0.24627209294982944,0.24862169945457013,0.32444630548327785,0.17158936913581643,0.3220868010576273,0.2079636414741892,0.09231124244140394,0.41022311543881074,0.025155605098352293,0.06959052165353179,25.941208551547795,31.48212866878534,0.266938643465112,0.6707761038473898,0.9562562467972525,1.090246807043465,4
mission_completion,True,True,False,20.01,80.01,56,1,nan,0.0,-0.625,0.5,0.0,-0.19375,0.56,0.0,-0.020611702127659576,0.059574468085106386,7003,7004,7005,0.07334090925505429,0.04481904621039086,0.054846187523622955,0.01902729043433519,0.15453468204737872,0.014548652027101674,0.0096478547635292,0.009181150046928741,0.005855651806871424,0.03929234659955789,4.442188064783519,1.7912055812267982,0.0021856624601482594,0.0007499016549703487,-0.0002688143151958755,-0.002035314904755489,nan,0.32738203933583826,0.25818288895505126,0,0.7972563740978836,0.0033905286254863626,True,True,True,True,normal_completion,6.202718714000184,0.06806732349599154,0.14639622764238341,0.017653857054800017,0.04982605396523845,0.027732200667062716,0.0021868758551668375,0.33950800936765596,0.0,0.3055951181397992,3.569595722951535,0.0,0.18779861900172656,0.2163154204060409,0.04025865280365941,0.011160069028932183,0.05170672383227978,0.012137056483022268,0.018406958273292154,0.006308992638187834,0.2608165550177508,0.29208581749600904,0.24573479851327662,0.3055951181397992,0.33950800936765596,0.23196397444171443,0.3300977146444243,0.261195296338822,0.12189072438792152,0.646901629010955,0.06217820167917778,0.6744308148889341,24.312812250548767,31.692504978515863,0.33063296925704855,1.0428975192441603,0.9148591334312395,1.18457302691,4,0.07336465593781198,0.1544965035118437,0.014543641754771375,0.03929234659955789,0.0041666571322128395,0.0021868758551668375,0.32738203933583826,0.0,0.25818288895505126,1.0179914411361946,0.0,0.15046433061262693,0.1673915329468534,0.044821832052380675,0.009645816819664024,0.05487456147484308,0.00917552611395166,0.019030465451096535,0.005855378203396187,0.25292234190279383,0.25659705106089165,0.2432834052219241,0.25818288895505126,0.32738203933583826,0.22385392956467107,0.3199227943720288,0.21017871738951424,0.10934546137138035,0.646901629010955,0.03248982929431661,0.1001382061773068,26.09363529747447,31.692504978515863,0.2724224422250031,0.8652493121805668,0.9553731241758685,1.0920406649910028,4
mission_completion,True,True,False,20.01,80.01,57,2,nan,0.0,-0.625,0.5,0.0,-0.19375,0.56,0.0,-0.020611702127659576,0.059574468085106386,7006,7007,7008,0.07762822304604612,0.04803921004208171,0.05726678627625995,0.02094971363547979,0.1485503521531602,0.014850484962295876,0.00958144793306335,0.0069393554552587815,0.008976530787945965,0.028938541441504366,4.250604907046482,1.501943264663558,0.004133526999227421,0.0004228361135317999,0.0003276652851298967,0.004098766953042843,nan,0.32317952926695825,0.284147151691828,0,0.7670693682114607,0.007854686469442523,True,True,True,True,normal_completion,6.316562488999807,0.07568114311156102,0.15162679286099884,0.018564297361845655,0.044917934135321955,0.02556416452380051,0.004126028426213508,0.32351021431480126,0.0,0.2992496994141818,3.1966186264099017,0.0,0.18983068283912255,0.219971124344476,0.0419681086199673,0.01074446092007661,0.05980589385321036,0.012977237581112635,0.01973748570496607,0.00779621708518522,0.2514212187958052,0.29459911898460595,0.2523055409653119,0.2992496994141818,0.3206070833764676,0.25576770032789214,0.32351021431480126,0.23610380948101137,0.12422439027777689,0.6139142306493426,0.05808116050259539,0.5127555893903326,24.22267657400554,31.203375032658453,0.33003958130197214,1.026095802764138,0.9248849947229668,1.1608457097469576,4,0.07762847735621843,0.1486063149178462,0.014849772196291444,0.028938541441504366,0.003785804549523348,0.004126028426213508,0.32317952926695825,0.0,0.284147151691828,0.8548707330062941,0.0,0.1266002108597381,0.14021317019707003,0.0480496882480193,0.009579665941348015,0.05725903805088236,0.006939667460143003,0.02094780459620244,0.008977012324630041,0.25049462252265514,0.21854327391982895,0.2523055409653119,0.284147151691828,0.3206070833764676,0.17273458646853518,0.32317952926695825,0.23610380948101137,0.11165348312496179,0.4719768485878575,0.027993532243507313,0.09016342641594098,26.097416049696555,31.203375032658453,0.2638219890652204,0.7408090969066258,0.9545411621696636,1.0944653702284712,4
mission_completion,True,True,False,20.01,80.01,58,3,nan,0.0,-0.625,0.5,0.0,-0.19375,0.56,0.0,-0.020611702127659576,0.059574468085106386,7009,7010,7011,0.07337542058402799,0.039265151745979034,0.059234089247211845,0.018262608666386595,0.1450659862322101,0.01359107036462367,0.009272678265133174,0.008070983536576244,0.005796020721132197,0.029096430322801972,4.43878638611859,1.9162076814227025,0.008362713132797872,0.0018051531423278425,8.442520520467872e-05,0.008165124950601801,nan,0.3221577798949958,0.2681557742922124,0,0.794130610661463,0.025091515529500064,True,True,True,True,normal_completion,6.187046648999967,0.0773101591595217,0.15592066582927358,0.017923163746814488,0.04827822967597041,0.025454819965021445,0.008374425112487923,0.32587308036142515,0.0,0.36612547603325746,3.4519316311764796,0.0,0.20097951701299666,0.22742064834208503,0.042140729623595406,0.010831665481259694,0.06211929019358635,0.012368210021994518,0.018499010835896456,0.00713738064341862,0.2603960736164115,0.36612547603325746,0.24966114600544112,0.3618267254463288,0.32587308036142515,0.27797961053513176,0.32049374249818036,0.2835980779036951,0.13965936283503438,0.8654496092566717,0.06191680893120956,0.6805311030319414,24.291038618772017,31.517890942990082,0.32821778223094616,0.9786480668635258,0.9301053699394917,1.1472357655851948,4,0.07337773596014378,0.1449903740536818,0.013603469327057874,0.029096430322801972,0.003747013291532614,0.008374425112487923,0.3221577798949958,0.0,0.2681557742922124,0.8851259914987961,0.0,0.16334626025798735,0.18230541933640887,0.03927151821872245,0.009280902165463864,0.05923486899523054,0.008080264954794598,0.018255691894612062,0.005799012932181721,0.24823506122373776,0.2681557742922124,0.24966114600544112,0.20911951837853635,0.3221577798949958,0.21081699541623275,0.31654242602779703,0.17965418653095086,0.1114071401172027,0.6640946827882317,0.0271962095351793,0.08903543581569887,26.112313189929182,31.517890942990082,0.278811601981556,0.6649437061785556,0.9570565983277892,1.0877771707427413,4
mission_completion,True,True,False,20.01,80.01,59,4,nan,0.0,-0.625,0.5,0.0,-0.19375,0.56,0.0,-0.020611702127659576,0.059574468085106386,7012,7013,7014,0.07781599502877713,0.048734991888997235,0.05683097134862716,0.021224286642183288,0.16222900828146614,0.01312057236071128,0.008831579556867586,0.006328490066374894,0.0073554629414587505,0.03372494702321003,4.168349360318901,1.7015097685673979,0.004232146112971723,-0.0005484751431291339,0.0012440720899050128,0.004007807427263754,nan,0.32717868692068536,0.292324737395021,0,0.7925236083796322,0.005626783722057641,True,True,True,True,normal_completion,6.204177781999533,0.07561510875551743,0.15568820491932175,0.01671656984500469,0.045566006010392755,0.019910065935809254,0.004238252247951887,0.3283973053072225,0.0,0.35626932726469085,2.937935741427029,0.0,0.1929239634331823,0.22693000718886724,0.045067805001073075,0.012123452564774387,0.05760203215969535,0.009399929756014861,0.01919748722013911,0.006641304531082106,0.24877984708461548,0.35626932726469085,0.25306713237058204,0.31593102881217544,0.32589508155745406,0.30243496051180274,0.3283973053072225,0.26767842209248704,0.13603334867557793,1.2530624623234985,0.0534187877453967,0.4430244515168651,24.252728709710173,30.993685341335397,0.31667212954831303,1.0556816115192174,0.9132675103004859,1.188544488244028,4,0.07781997053146635,0.16225789225847598,0.013117908950505562,0.03372494702321003,0.002372777483547946,0.004238252247951887,0.32717868692068536,0.0,0.292324737395021,1.0335281853534513,0.0,0.14477052301097104,0.1597507117248486,0.048724418995589776,0.00883196565906904,0.05684414727738188,0.006326436188941132,0.021227852632044995,0.007352014892397535,0.24794477257299477,0.292324737395021,0.25306713237058204,0.19010904295722195,0.3233152006578587,0.2336188629468562,0.32717868692068536,0.15469339273443042,0.1163267847602386,0.42206085425614503,0.03042850322053158,0.10679872080398414,25.965570839206855,30.993685341335397,0.26201767495866873,0.6820390509206369,0.9540278899944638,1.0944958507577034,4
mission_completion,True,True,False,20.01,80.01,60,0,nan,0.0,0.0,0.5,0.0,0.0,0.56,0.0,0.0,0.059574468085106386,7000,7001,7002,0.0711129411580244,0.04505629636087328,0.0511987390453046,0.020141243222715925,0.14228192481983643,0.012462793063999006,0.008588655211334426,0.006645489623242985,0.006115037226726442,0.028897284723848598,4.190394183545476,1.8509419677214487,0.005380331060205507,0.0003155448755826251,0.0008300557970664924,0.0053065432366713045,nan,0.2917166069048449,0.23144117694997823,0,0.779267090956587,0.013637223296804004,True,True,True,True,normal_completion,6.1736812509998344,0.07524590587986245,0.14809427814188897,0.016627061373629688,0.0547331739609984,0.023494158059023017,0.005387435106011473,0.2917166069048449,0.0,0.3297790472945893,2.8242475363678947,0.0,0.18378737771490786,0.20912214217357258,0.04509815411468977,0.010035514297921714,0.05733015203206198,0.011250043851274759,0.018475835978636147,0.00701314024122235,0.28874031761276947,0.3039211240911295,0.28957071174890614,0.22512326792899784,0.2917166069048449,0.3297790472945893,0.2901189912015614,0.23144117694997823,0.13415195462026513,0.9521767412565652,0.051705639294623684,0.5463629014351924,24.219692414366715,31.49269514449654,0.3209929299397331,1.193838315920753,0.9397355482202053,1.1279946355256103,4,0.07111490485665029,0.14228477567839765,0.012464023921438482,0.028897284723848598,0.003340127603117003,0.005387435106011473,0.2917166069048449,0.0,0.23144117694997823,0.766423859384766,0.0,0.15405525954562252,0.16689681924870628,0.045050716029897055,0.008586486695914058,0.05120695596684598,0.006650415562850936,0.020139770072508178,0.006115236003333944,0.2827766240125033,0.19347432183085447,0.281506155331664,0.22512326792899784,0.2917166069048449,0.18799595913668862,0.28630901828747496,0.23144117694997823,0.09157684816078154,0.4397163569676792,0.024551974307251066,0.0716149100594238,25.941490896487636,31.49269514449654,0.2666840333539561,0.6734905330553985,0.9902719935631124,1.0199698988072667,4
mission_completion,True,True,False,20.01,80.01,61,1,nan,0.0,0.0,0.5,0.0,0.0,0.56,0.0,0.0,0.059574468085106386,7003,7004,7005,0.0734579464554264,0.044902504817674924,0.05493434301720851,0.019027688136361912,0.15470861894925284,0.014366856232177976,0.009488495528080284,0.009276342384053112,0.005506766981041794,0.038638961734631896,4.4320645096516875,1.7887146767830333,0.002314971098154732,0.0007475916854447394,-0.00027003038589586777,-0.002174231231455971,nan,0.2914166951821585,0.24276391374619335,0,0.7972631112751428,0.0030337062142939825,True,True,True,True,normal_completion,6.208495994999794,0.06812316453461009,0.14640687874614458,0.017375108816261357,0.05031603989913506,0.027823852108931242,0.0023162861217714756,0.3016366508417518,0.0,0.2792875259258352,3.491474833235421,0.0,0.18731938745323445,0.215771474595926,0.040300670678076855,0.010981450551246443,0.051747470250921,0.01216634074325649,0.018407085911050693,0.005769081650178776,0.3016366508417518,0.2688371166617397,0.2845386271410905,0.2669456630339864,0.2977883847248201,0.25933239820293535,0.2925620112887205,0.2792875259258352,0.11954573881513453,0.6542883585990467,0.06189146753573443,0.6853706633817019,24.3128970482027,31.704834295098195,0.3302298121152063,1.0431740917527101,0.9482193016611642,1.1093455973236144,4,0.07348164694125414,0.15466978194917239,0.014360850788790909,0.038638961734631896,0.004282778872854451,0.0023162861217714756,0.2914166951821585,0.0,0.24276391374619335,0.9431788774419999,0.0,0.15030231756419954,0.1673080149190413,0.04490535166867464,0.009486474522193339,0.05496260452258082,0.009269394809836925,0.019030867894191335,0.005506283354229183,0.2914166951821585,0.2290032514431519,0.2789964968755248,0.22519260008284478,0.2888309885305407,0.24276391374619335,0.28104296678422247,0.23007534527568102,0.10631037147886235,0.6166357646927025,0.03153167845475907,0.08412397049351525,26.094112459377783,31.704834295098195,0.27232624882871564,0.8640272447959348,0.990463277483096,1.0192863672068884,4
mission_completion,True,True,False,20.01,80.01,62,2,nan,0.0,0.0,0.5,0.0,0.0,0.56,0.0,0.0,0.059574468085106386,7006,7007,7008,0.0776431839315958,0.048078189160805605,0.05725350363364539,0.020952041898716377,0.14851989681789218,0.014191954503261679,0.009414744161884134,0.007046383488018844,0.007944976068478318,0.02782262575982515,4.2291697290845205,1.4952541501048142,0.004027757929006919,0.0004334932048743634,0.0003289890944624905,0.003990824946264945,nan,0.2895186164082843,0.2597608673446706,0,0.7671128601753888,0.007758204959244154,True,True,True,True,normal_completion,6.152013105000151,0.07570952868575183,0.15160854294943626,0.01820834646868883,0.044857377012599384,0.025631696671661926,0.004020113761335458,0.2895186164082843,0.0,0.29217917409505023,2.8975433928718752,0.0,0.1893155535082054,0.21933660846905653,0.04200508614898908,0.010569176866869272,0.059814486724408276,0.01300715011470287,0.019741647583985292,0.007116911364786944,0.28794582674233754,0.26602534665632005,0.2895186164082843,0.26110067018813754,0.28209782730635796,0.29217917409505023,0.2844581295995336,0.2679051887261897,0.12347110460669582,0.6168299041942049,0.057997663613174565,0.5216308691883352,24.222796862199427,31.22300687415764,0.3294856714996486,1.0265955910549869,0.9565206618408453,1.0911437069010115,4,0.07764361534769232,0.14857496619784513,0.014191340184848867,0.02782262575982515,0.003802207980515925,0.004020113761335458,0.2895186164082843,0.0,0.2597608673446706,0.8557335031694158,0.0,0.12602963414274604,0.13955479594436174,0.04808851925560809,0.00941275402232332,0.057246109017327726,0.007047285591391972,0.02095013895991249,0.007945436662053357,0.2808235193392125,0.191349581687733,0.2895186164082843,0.24979570012709515,0.28209782730635796,0.19285970799826282,0.2844581295995336,0.2597608673446706,0.11080167615985567,0.4486304255371607,0.027042380631549866,0.08804495334295305,26.097344353983136,31.22300687415764,0.26276373804588105,0.7400796629626293,0.9898611539171129,1.0209121312229668,4
mission_completion,True,True,False,20.01,80.01,63,3,nan,0.0,0.0,0.5,0.0,0.0,0.56,0.0,0.0,0.059574468085106386,7009,7010,7011,0.07337544918772688,0.0392899304836115,0.05921891241947288,0.018258650496366564,0.1449706736913159,0.013291719927796515,0.00906182973077551,0.00810982869594931,0.005365047911414535,0.02764350864872455,4.411802042887021,1.9134934134028596,0.00822657388727355,0.0017936172081143265,8.056209155549031e-05,0.008028260395810005,nan,0.28438528178834166,0.24025846471625342,0,0.7941251242140372,0.023861461650837235,True,True,True,True,normal_completion,6.210931232999428,0.077296758956784,0.15576910653240886,0.01756338935134027,0.04646345735326544,0.025526686907433864,0.008238212536864468,0.29091880383477076,0.0,0.3249131753787779,3.130391991660067,0.0,0.20050635164913147,0.22680745532848035,0.04212707430585067,0.010614455458059295,0.06211211938090227,0.012339078768948367,0.018498194010904124,0.006599478461919234,0.2902207057575877,0.3249131753787779,0.29091880383477076,0.31882823400862076,0.2866522610894949,0.309408807103109,0.28171603467011236,0.30024438223974215,0.13692518316713895,0.7813521951429578,0.06131446847150768,0.6731209216289082,24.290947588752534,31.50898619816375,0.32731503930007205,0.9707034974170159,0.9435942024539212,1.1198500164720588,4,0.07337783362734325,0.14489516041463385,0.013301845657606642,0.02764350864872455,0.0037080127821931693,0.008238212536864468,0.28438528178834166,0.0,0.24025846471625342,0.8909435529536157,0.0,0.1631085409486188,0.18209873696805431,0.03929644249334231,0.009070108102713179,0.0592196906328739,0.008117157090772863,0.018251693525703726,0.005365072009544821,0.2837627165769218,0.24025846471625342,0.28438528178834166,0.18622609591898412,0.28255915379109064,0.2374860989390616,0.28171603467011236,0.1966238355872546,0.10968139826141284,0.6865861736277026,0.027147533899865992,0.0959287141703091,26.112270720112885,31.50898619816375,0.27803551944812355,0.6621156942610184,0.9876224704789247,1.024650531405027,4
mission_completion,True,True,False,20.01,80.01,64,4,nan,0.0,0.0,0.5,0.0,0.0,0.56,0.0,0.0,0.059574468085106386,7012,7013,7014,0.07785637492452038,0.04877764162127912,0.05684610253969068,0.02123387435915827,0.16226544702104553,0.012950602860093327,0.008683439052743802,0.006405702324971919,0.007161213471262425,0.03262331288425685,4.162981787841894,1.6940769696182703,0.004106654674773936,-0.0005581164532795155,0.0012432873151980188,0.0038739327942401147,nan,0.2943490578494887,0.25876647159489063,0,0.7925101896754077,0.005581383384351461,True,True,True,True,normal_completion,6.221831849999944,0.07565926121001093,0.15571129745249662,0.01648017200177478,0.045477118957372414,0.019995249553776972,0.004112711475053352,0.2943490578494887,0.0,0.32944612491293274,2.8636937580057036,0.0,0.19224610874815914,0.22604248314283784,0.045112765090039496,0.011992716195776815,0.0576227381427452,0.009406136288072497,0.019203704895363237,0.006268606510687964,0.2836677756546214,0.3164727294218475,0.29404371039511373,0.27758651516627597,0.2898231112480813,0.32944612491293274,0.2943490578494887,0.2939706662651699,0.13361096566830405,1.2862141692296092,0.05293581751179827,0.4663860852187106,24.253017173785288,30.99064043838385,0.31635131220184953,1.061791418004225,0.9428072086093716,1.1204718529477455,4,0.07786048482654746,0.16229421146810885,0.012949125613385265,0.03262331288425685,0.002455357713220081,0.004112711475053352,0.2943490578494887,0.0,0.25876647159489063,0.917979263033033,0.0,0.14414378184343418,0.15902373921451768,0.048767213315876724,0.008683908373668168,0.056859348472801524,0.00640413196060799,0.021237431437848734,0.007159377301140472,0.2836677756546214,0.25019520362977293,0.29404371039511373,0.16735586447685324,0.28569682136103774,0.25876647159489063,0.2943490578494887,0.17409270031492102,0.11438029525225558,0.40643805097288066,0.03016148232063675,0.09533929692725368,25.96590874909905,30.99064043838385,0.26187408851308974,0.675783468918282,0.9898965511432128,1.0207366796743083,4
mission_completion,True,True,False,20.01,80.01,65,0,nan,0.0,0.625,0.5,0.0,0.19375,0.56,0.0,0.020611702127659576,0.059574468085106386,7000,7001,7002,0.07108781294876709,0.04504755764894518,0.05116852974753532,0.02014885265168846,0.14229010347246177,0.012750182434728589,0.008795601196876305,0.006611863419981302,0.006441103462907838,0.02880637199419077,4.2225844782573905,1.8537164645901654,0.005495998980893978,0.0003203446078055743,0.0008304338972454188,0.005423445737955099,nan,0.3188545185383152,0.26503035429635075,0,0.7792402082693541,0.014806451578052326,True,True,True,True,normal_completion,6.1687381080000705,0.07520595179221083,0.14810167259639945,0.016850641072221714,0.05484603330274408,0.023449565853769668,0.005503007959033215,0.3305892417089871,0.0,0.3755321361159269,3.2035668334362013,0.0,0.18410473396096377,0.20966311245555158,0.04508747007616145,0.010201083133561743,0.05728437500966394,0.011244480045739426,0.018481223088739982,0.007310518172330562,0.3305892417089871,0.2812354846128313,0.3230714491377153,0.20544925225430744,0.25678747962980486,0.3755321361159269,0.2501795153230387,0.26503035429635075,0.13628101496954748,0.9779932424176252,0.05223909035492373,0.5674718653686033,24.21956868548292,31.508850190598377,0.32153137788477765,1.1934201020012718,0.9051629179240265,1.206946746242561,4,0.07108979571109161,0.14229363819015686,0.012752149809271538,0.02880637199419077,0.0033639032530955264,0.005503007959033215,0.3188545185383152,0.0,0.26503035429635075,0.935605934347457,0.0,0.15431252633179005,0.16723430991062893,0.04504194238675546,0.008793588470322853,0.05117679956861913,0.006618223846959842,0.020147398496737155,0.006441214146746026,0.3188545185383152,0.17409380939166458,0.3177059930906929,0.20544925225430744,0.25678747962980486,0.21267648846476786,0.2501795153230387,0.26503035429635075,0.09261299604700476,0.44811983013475754,0.02482092337368465,0.08701146226351063,25.9417239318712,31.508850190598377,0.2673397273648303,0.6916468581532874,0.9548776397911468,1.093167922680835,4
mission_completion,True,True,False,20.01,80.01,66,1,nan,0.0,0.625,0.5,0.0,0.19375,0.56,0.0,0.020611702127659576,0.059574468085106386,7003,7004,7005,0.07347391144524991,0.044916884635521445,0.054945076572536285,0.01902439744490765,0.15476795841637778,0.01462555210415894,0.009647965969821289,0.009304201243209033,0.005852808404732382,0.03805818575452883,4.456554335223174,1.795159181474797,0.0021970681579994073,0.0007452075242292249,-0.00027163006775466833,-0.0020489000324609916,nan,0.3278614731962161,0.2682837514219987,0,0.7972847179657703,0.0025305753138472427,True,True,True,True,normal_completion,6.255621237000014,0.068124788180268,0.1464776143393711,0.01763260111867363,0.0499833332009558,0.02778920317161155,0.002198293629138562,0.3435035298111838,0.0,0.3055882255077779,3.9554069942297434,0.0,0.18777175195468832,0.21634716022401168,0.04029146027870507,0.011188256748667521,0.051757508147100846,0.012180626264050701,0.018405035822260826,0.006112599852081309,0.3435035298111838,0.2468680459763274,0.3242438125179801,0.24152660398049675,0.2596160587070693,0.29065138547460595,0.2569822814356193,0.3055882255077779,0.12130827224333339,0.6672158426474368,0.06240037181019058,0.6952768170939092,24.31287720275341,31.707937627994756,0.3308394907058243,1.0502703187191345,0.9145651057610205,1.1845545812695026,4,0.07349755858668996,0.15472861583596936,0.014618708291190897,0.03805818575452883,0.00421591905888428,0.002198293629138562,0.3278614731962161,0.0,0.2682837514219987,1.1615850451148342,0.0,0.1508599674036051,0.16788021126944097,0.04491986691161717,0.009645927591506549,0.05497315135553746,0.00929634651696904,0.01902759325000651,0.005851551455706744,0.3278614731962161,0.2102481265594174,0.3148508011261273,0.20610994209132408,0.2512241729706979,0.2682837514219987,0.24823633054492586,0.2662409853080914,0.10796589449141475,0.6202965443040256,0.031366097194026894,0.08945356999085366,26.09421666774562,31.707937627994756,0.2725995385918735,0.8614369735630117,0.9554791623835622,1.0928224388191001,4
mission_completion,True,True,False,20.01,80.01,67,2,nan,0.0,0.625,0.5,0.0,0.19375,0.56,0.0,0.020611702127659576,0.059574468085106386,7006,7007,7008,0.07764395243621854,0.04808121833144872,0.05725127577916541,0.020954026232189206,0.14846342428983403,0.014214581365575473,0.00960045584387962,0.006984872319315015,0.0078164652926467,0.028496378604874296,4.250145909367802,1.500849414575611,0.004196206466359325,0.0004432312950076684,0.00032403463867359053,0.00416013176238221,nan,0.3316751077819118,0.3050993013846197,0,0.767158089739052,0.010113721956637435,True,True,True,True,normal_completion,6.218480575000285,0.0757081807315885,0.15161970283713128,0.018390759164242217,0.0456330625417975,0.025591851855941268,0.004188657664027179,0.3316751077819118,0.0,0.33865376694384963,3.181427155637602,0.0,0.18984470425141056,0.21983461068947863,0.04197505644430404,0.010736666141300082,0.05983301166403651,0.012994431216987401,0.019744213871299814,0.007354507471911546,0.3259224791154036,0.2402717229251756,0.3316751077819118,0.24182509348328152,0.24774231515668038,0.33865376694384963,0.25068358631561805,0.3128916545203533,0.12800199805594925,0.6180371864601426,0.0584571710604922,0.5258528480203066,24.222683365143208,31.230202601242706,0.32994554013693017,1.0306100176823223,0.9200009396170694,1.1710901685985737,4,0.07764450151695877,0.14851866914486267,0.01421546700765308,0.028496378604874296,0.0037888327411374043,0.004188657664027179,0.3316751077819118,0.0,0.3050993013846197,0.9364554421337041,0.0,0.12649333809753946,0.13998837014294313,0.04809162675950895,0.009598824690154278,0.05724397420807457,0.006986580421121206,0.020952123241008057,0.00781855234890473,0.31598615228450627,0.17257891994212354,0.3316751077819118,0.2284618980961248,0.24285125519291773,0.2141908525160507,0.25068358631561805,0.3050993013846197,0.11394000156893849,0.44349427134761754,0.027015434919211188,0.08833068613571143,26.097338022605236,31.230202601242706,0.26284838137661853,0.7453969590287854,0.9538975666798744,1.0941993249388497,4
mission_completion,True,True,False,20.01,80.01,68,3,nan,0.0,0.625,0.5,0.0,0.19375,0.56,0.0,0.020611702127659576,0.059574468085106386,7009,7010,7011,0.07333797751333317,0.03925833662443655,0.059193924603567594,0.018257087425318928,0.1447883847006971,0.01335990749792837,0.009208757164597008,0.00796308245520314,0.005502293853323578,0.02828913849212958,4.412757763236419,1.9164636286351273,0.00835209455687961,0.0017830301812522286,8.220468165268113e-05,0.008159137776144978,nan,0.32400606267130094,0.2696788360034391,0,0.7941241480600919,0.023229934048530965,True,True,True,True,normal_completion,6.199319380000816,0.07727302513654755,0.15567262290811548,0.01767906117950856,0.04605797645783522,0.02549366372552731,0.00836376663096767,0.32774398748279315,0.0,0.34848923067682186,3.5063542822985174,0.0,0.2009130138195691,0.22730790849722732,0.04205950443310672,0.010780501035268234,0.06212871395428597,0.012269146234835526,0.01849706471258336,0.00676742582416744,0.32400606267130094,0.28769520172365814,0.32774398748279315,0.2889484377591029,0.25227399732088146,0.34848923067682186,0.25341585338829675,0.34014475101554276,0.14006877878127674,0.7441763429052202,0.061624663974818195,0.6636308063844951,24.290717270546512,31.498560350255723,0.3272797679210456,0.9820404608382501,0.9072785048599303,1.200717209749272,4,0.07334045682955406,0.14471219922778347,0.01336794892098582,0.02828913849212958,0.0037588563666005412,0.00836376663096767,0.32400606267130094,0.0,0.2696788360034391,1.1114674679522436,0.0,0.16331681903682402,0.182367211663712,0.03926508701209519,0.009216954182405951,0.05919467367927366,0.007968996993141932,0.018250100216288784,0.005499536423809759,0.32400606267130094,0.22081153240085774,0.31944159588305576,0.1691184186792989,0.24551750927600985,0.2696788360034391,0.24498500756341446,0.21846795948299905,0.11091021001975192,0.703650269459402,0.02792451067176189,0.11333795923105018,26.11200653412737,31.498560350255723,0.2775689731789221,0.6671320162831155,0.9523063179204214,1.097794666387487,4
mission_completion,True,True,False,20.01,80.01,69,4,nan,0.0,0.625,0.5,0.0,0.19375,0.56,0.0,0.020611702127659576,0.059574468085106386,7012,7013,7014,0.07787005901369837,0.0488393576853616,0.05680967977057203,0.02123966845417405,0.16222949466781622,0.013244373495229996,0.008815381776932796,0.006401218004318632,0.007531724999577386,0.03397763420254792,4.184328575752901,1.6967652617490754,0.004244838801751823,-0.0005689979056096384,0.001241940422486234,0.0040190150314802775,nan,0.33543366542468994,0.2879719895910028,0,0.7925008764873793,0.005223291261620182,True,True,True,True,normal_completion,6.137058594000337,0.07564791762074032,0.1556913356171534,0.01665773160367584,0.04613442041179017,0.019930277434300918,0.004251108675491324,0.33543366542468994,0.0,0.3679608711857694,3.2932758017654744,0.0,0.1926019006843835,0.2264787240260155,0.045125922691727015,0.012146343755666393,0.057596075330367695,0.009346050189153852,0.019208088091041225,0.006526691459775171,0.3186324586433462,0.29004081694850986,0.33543366542468994,0.24999604605227807,0.2547174816962359,0.3679608711857694,0.2631067348983671,0.34017424884340586,0.13647416887609448,1.339695656100801,0.05319096760938381,0.4966994805286997,24.25307011342566,31.001451486261647,0.31664612157762506,1.0636764717697504,0.907179771755517,1.200423813393663,4,0.07787430094077646,0.16225827248506228,0.013243463545967699,0.03397763420254792,0.002387042240983192,0.004251108675491324,0.33543366542468994,0.0,0.2879719895910028,0.9767852340971774,0.0,0.1443839825546901,0.15912652918094997,0.04882916400150709,0.008815802143807516,0.05682292820519427,0.006399735106974784,0.021243218214665092,0.007530893029061596,0.31702922938012923,0.22704685183388493,0.33543366542468994,0.15159415417394628,0.2527042541012506,0.2879719895910028,0.2631067348983671,0.19982305737973255,0.1171070082618461,0.4663014011369313,0.03043317431909953,0.10187731086758266,25.96625969884247,31.001451486261647,0.26232337760961455,0.6810064880594094,0.9551076596408907,1.0924640479337842,4
mission_completion,True,True,False,20.01,80.01,70,0,nan,0.0,1.25,0.5,0.0,0.3875,0.56,0.0,0.04122340425531915,0.059574468085106386,7000,7001,7002,0.07102765461230526,0.04499196312087584,0.0511323492801038,0.020152762375221556,0.1421577484104384,0.013627449021622256,0.009387930513918763,0.0065627313431959305,0.0073827288193309085,0.031186197966916743,4.324628184861735,1.8628104136669368,0.005878667632796836,0.0003259693872624118,0.0008350994660306782,0.005809912734051709,nan,0.3588021243242877,0.31278760664756206,0,0.7792169843508012,0.01585948508698169,True,True,True,True,normal_completion,6.193728472000657,0.07507777463580198,0.1480175431609012,0.017592402120945302,0.057050475925582524,0.023295835116651484,0.0058855637278735955,0.3713147238841787,0.0,0.44394593934516735,3.7275578256777546,0.0,0.18530026232021854,0.21151722807703524,0.04502692320907203,0.010721672504689066,0.05716282435551347,0.011259347681841515,0.018484045614781397,0.008231976728990762,0.3713147238841787,0.26565986820693305,0.35898918039185235,0.19060338986324946,0.2225201987949677,0.44394593934516735,0.2152329598332475,0.31278760664756206,0.14613112281472343,1.0249457274485536,0.053987009120844,0.5891054828510583,24.219172175278203,31.529988948149946,0.3231464468938264,1.22935215123273,0.8652873025805798,1.3030046414084655,4,0.07102971721145436,0.14216150636184724,0.013630552868564483,0.031186197966916743,0.003465931849734853,0.0058855637278735955,0.3588021243242877,0.0,0.31278760664756206,1.1870479845905195,0.0,0.15517008940782606,0.16823072079774368,0.04498648181638972,0.009386960031081968,0.05114059788787464,0.006570669832196671,0.020151338134067543,0.007382631701084759,0.3560209494442248,0.16097423935507846,0.3588021243242877,0.19060338986324946,0.21751198922063053,0.25524929870085344,0.2152329598332475,0.31278760664756206,0.09675733521927997,0.4400919340993994,0.025954719345296733,0.10447798980151715,25.941729819419827,31.529988948149946,0.26874696847073537,0.7153756267990061,0.9176150649667284,1.1736213167901661,4
mission_completion,True,True,False,20.01,80.01,71,1,nan,0.0,1.25,0.5,0.0,0.3875,0.56,0.0,0.04122340425531915,0.059574468085106386,7003,7004,7005,0.07329332494852556,0.04483663887950313,0.05477139495562806,0.019017928136729013,0.1544299748364859,0.015529990190745148,0.010180202954790774,0.00924597289974198,0.00721498775197482,0.03760483299357505,4.528434926131788,1.8118423218177726,0.0017891038164580945,0.000742108872342738,-0.0002748265703593697,-0.001604567618980146,nan,0.3650576179637867,0.31412201749871305,0,0.7973367275385272,0.0023061199565532053,True,True,True,True,normal_completion,6.164580526001373,0.06805645933169496,0.1465692823358277,0.01857510883870332,0.051423641397601895,0.02762078632458774,0.0017898929890765305,0.3845596559923931,0.0,0.35840143957926385,4.561194005675121,0.0,0.18942122095627303,0.21833029080380512,0.04019389392411305,0.011862542827383785,0.05174480139202664,0.01221633854763771,0.018401306390675554,0.00742130841076293,0.3845596559923931,0.22829053714804207,0.3631495742433901,0.22134287947538644,0.2259914563882458,0.33234370942284003,0.21978996271682105,0.35840143957926385,0.12801514011036869,0.6644419260012313,0.06388068627777982,0.700079747755656,24.312672872025768,31.69339932530217,0.33286379708806424,1.0547688903606833,0.8781861331328322,1.2702257517468336,4,0.07331690652740112,0.15438938413634606,0.01552202954874906,0.03760483299357505,0.003940580310938163,0.0017898929890765305,0.3650576179637867,0.0,0.31412201749871305,1.4765852464503122,0.0,0.15226737561967305,0.16938502728322133,0.04483982912334699,0.010177928495346211,0.05479921504990071,0.009237187612808973,0.019021160239361155,0.0072123184803242705,0.3650576179637867,0.19549755646800096,0.3525671521968096,0.1882486769675904,0.21671664261485796,0.3015338988179142,0.21736799189400205,0.31412201749871305,0.11259977456539812,0.6410102863592186,0.03183267921904191,0.10575620055760936,26.093644427165387,31.69339932530217,0.2733944243397915,0.8524430890788735,0.9179921137530003,1.1728010716987516,4
mission_completion,True,True,False,20.01,80.01,72,2,nan,0.0,1.25,0.5,0.0,0.3875,0.56,0.0,0.04122340425531915,0.059574468085106386,7006,7007,7008,0.07756177536935434,0.048006727087755954,0.05720181091185976,0.020955571602123912,0.14825592000168605,0.014857714923346478,0.010142354574835383,0.0069362571695975785,0.008353003824909673,0.030281908800738003,4.33233344170076,1.521712450251006,0.004683219759945562,0.0004521566142420684,0.00031356500194262144,0.004650782590672073,nan,0.3735595901047949,0.36744680283975406,0,0.7672091960826264,0.013673044348740277,True,True,True,True,normal_completion,6.214563343000918,0.07568213733611535,0.15171320472656774,0.019167989265672467,0.046760323845220726,0.025442953439402182,0.004675985324024827,0.3735595901047949,0.0,0.4113207822363366,3.6563571763513516,0.0,0.19170747277210562,0.22167712818667987,0.041850836933317564,0.011286132010999476,0.05988667906529944,0.012980399351023372,0.01974535465048209,0.008458384562502454,0.36450666285641176,0.22201595095490462,0.3735595901047949,0.22756202339771944,0.21696345538532835,0.4113207822363366,0.21823160198747643,0.36800443279084005,0.13949682911465305,0.6535101767956633,0.060011796603513336,0.5260817943501545,24.222434711651882,31.226706186806762,0.331670023442175,1.0354974071398364,0.8799859221210086,1.2632140028874042,4,0.07756248974359095,0.14831302321076356,0.014861258059565239,0.030281908800738003,0.0037812578837236417,0.004675985324024827,0.3735595901047949,0.0,0.36744680283975406,1.115330838785626,0.0,0.12829683501244138,0.14179150698544052,0.04801723538123268,0.010142450308012396,0.05719465541678678,0.006938593451304306,0.02095367064079635,0.008357249175417053,0.3503136822398963,0.16151078831696955,0.3735595901047949,0.21236172712130155,0.2099282097074015,0.24124419888073179,0.21823160198747643,0.36744680283975406,0.12090579307021862,0.4802786101296732,0.028355438633276553,0.09423834557603541,26.09727682922079,31.226706186806762,0.2644558759941524,0.7558717696439617,0.9164278959925977,1.174832688409845,4
mission_completion,True,True,False,20.01,80.01,73,3,nan,0.0,1.25,0.5,0.0,0.3875,0.56,0.0,0.04122340425531915,0.059574468085106386,7009,7010,7011,0.07318526134627586,0.039100677471810716,0.05910854715368861,0.018259221038924533,0.14430972326337463,0.013922931279324521,0.009758195027333222,0.00778121971067913,0.006170758869981973,0.03068497320534433,4.473352963071776,1.9265327233530878,0.008754267071387647,0.001768843106109638,9.08430957367104e-05,0.008573221888829627,nan,0.36282212777326706,0.30980535130116804,0,0.79413089228048,0.022447176620883278,True,True,True,True,normal_completion,6.279892460001065,0.0771842585805293,0.15548306636384232,0.018299085898280366,0.04844967640863374,0.025353572952536464,0.008765682357862823,0.36549808509220433,0.0,0.400144180863875,3.920873930570349,0.0,0.20233839621848643,0.22906984432423472,0.041903565252305125,0.011370859535823678,0.062124002500626704,0.01220412204979024,0.018496197043553115,0.007524593219771734,0.36282212777326706,0.25909283008348605,0.36549808509220433,0.2646797905203242,0.21990282846190407,0.3911999561139375,0.21996130399608504,0.400144180863875,0.1486963338256029,0.7521335631485044,0.06286982255549667,0.645852905101969,24.290074020270687,31.497317756008247,0.32845511979270964,0.9962228846699629,0.8687683706831375,1.29174533710708,4,0.0731876990998145,0.14423169171927927,0.013928114185321819,0.03068497320534433,0.003927883283245218,0.008765682357862823,0.36282212777326706,0.0,0.30980535130116804,1.5006206004622207,0.0,0.16406236001809346,0.1832125949861194,0.03910752356873412,0.009766343272888419,0.05910920023312947,0.007784875524271855,0.018252214869590475,0.006164950681640766,0.36282212777326706,0.20502703309390025,0.35351874350237206,0.15509471592766133,0.20682157278744367,0.30980535130116804,0.207499252939509,0.24928345056871865,0.11675751373562758,0.7326525426538808,0.029665026110759996,0.14718298981543432,26.111207611980202,31.497317756008247,0.27848319152881096,0.6869255727522626,0.9151711631856231,1.1774727257126958,4
mission_completion,True,True,False,20.01,80.01,74,4,nan,0.0,1.25,0.5,0.0,0.3875,0.56,0.0,0.04122340425531915,0.059574468085106386,7012,7013,7014,0.07778362950053856,0.04881135868579258,0.05671420338599967,0.02124249081005846,0.16197756753805478,0.013873771521622617,0.009225894921403537,0.006238172017059208,0.008273427888063406,0.03720450960627883,4.223180690819918,1.7083729010090416,0.004679887368603617,-0.00058351267471118,0.0012409580508388196,0.004474470008540163,nan,0.37262013188148413,0.33320092870015977,0,0.7924792736617731,0.005277258692762967,True,True,True,True,normal_completion,6.136467868000182,0.07553179825001263,0.1555700459101883,0.01729298146947936,0.04831829956651949,0.019709155127225562,0.004686399585836499,0.37262013188148413,0.0,0.41019757047728,3.9899112180598513,0.0,0.19406969153665551,0.22834475701663096,0.04510115436916492,0.012582733882223167,0.057461926917938784,0.009259310581174336,0.01921107431474956,0.007415334362944307,0.35866739512853374,0.266978754285358,0.37262013188148413,0.23112552205179837,0.2209488985053247,0.41019757047728,0.22969502325939004,0.4020096204084864,0.14634099926790345,1.4683117038241562,0.05444715828079125,0.5409001346607346,24.2528245245708,31.004002002711516,0.31774708766829046,1.0590059653352677,0.8709999901166324,1.2863248302540904,4,0.07778803750760176,0.16200629265430871,0.013873126125427338,0.03720450960627883,0.0021841517943691703,0.004686399585836499,0.37262013188148413,0.0,0.33320092870015977,1.1849425777928033,0.0,0.14534237583688864,0.16003382113698408,0.04880160875671515,0.009226168901347729,0.056727311749575016,0.006236863424576741,0.021246031716701592,0.008273026684291276,0.35493135183060465,0.21326814332601965,0.37262013188148413,0.1420639125583537,0.2209488985053247,0.33320092870015977,0.22969502325939004,0.23611019629711913,0.12530551063367837,0.6131112425593841,0.03144471489883623,0.1120607502765569,25.96617598713743,31.004002002711516,0.2632210848949982,0.6951842136892089,0.9183723689707043,1.1716649919301136,4
mission_completion,True,True,False,20.01,80.01,75,0,nan,0.625,-1.25,0.5,0.19375,-0.3875,0.56,0.020611702127659576,-0.04122340425531915,0.059574468085106386,7000,7001,7002,0.07101917513715163,0.044872774328656564,0.05123837488688362,0.020119301681769435,0.142006888971812,0.013576331781313762,0.009117812352724016,0.006738444778393307,0.007468309347192856,0.03311725609348865,4.291971006888101,1.8720930575710366,0.006131036788512381,0.000313039374938668,0.0008233347285694775,0.006067432601732106,nan,0.39813054663508773,0.33594261647801865,0,0.7793114724733191,0.012861188282656512,True,True,True,True,normal_completion,6.187487154000337,0.07521618183269652,0.14847179956306383,0.01792498160565339,0.06330148700927457,0.02307747452163956,0.006138396940062851,0.4055497512985115,0.0,0.40631014865714216,4.182525657267801,0.0,0.18596432249233677,0.21270376819204867,0.045025703905026075,0.010629085178937778,0.05735338050608377,0.011548219391013258,0.018459407950163393,0.008658299066151686,0.25446801326102597,0.3723711636462017,0.18894118207334212,0.40631014865714216,0.32839844180157657,0.32088761878200145,0.4055497512985115,0.18406750244533165,0.1516799152717581,1.0389696267678517,0.05447244074962244,0.4946530683570628,24.21950094185415,31.45765041862195,0.323703289479242,1.2696007121200585,0.837781986503897,1.3720173609537323,4,0.0710210797272053,0.14200890182751835,0.013574722893414772,0.03311725609348865,0.003590829052727021,0.006138396940062851,0.39813054663508773,0.0,0.33594261647801865,1.1125876202225953,0.0,0.15585347608564845,0.1687586941511653,0.044867093651050675,0.009117132336035897,0.051246568706166305,0.00674150835663634,0.02011782465303037,0.007463448578077708,0.24983788205018784,0.21865532118684938,0.1829633521265074,0.33594261647801865,0.3220703742395411,0.173618975767942,0.39813054663508773,0.18406750244533165,0.0999482288185201,0.4623744259621674,0.02804587432842759,0.10294175871510787,25.94063505641954,31.45765041862195,0.2689387068339492,0.6902712382676939,0.8846897932333242,1.2478953551598913,4
mission_completion,True,True,False,20.01,80.01,76,1,nan,0.625,-1.25,0.5,0.19375,-0.3875,0.56,0.020611702127659576,-0.04122340425531915,0.059574468085106386,7003,7004,7005,0.0731389755395402,0.044541991372646174,0.05480645283837489,0.019015085453596137,0.15442382489070472,0.015638147771301597,0.010060471489212394,0.009234331643754073,0.007620085184889567,0.04053761301556651,4.504567239433679,1.8113100551549732,0.001629155241624934,0.0007605290887847463,-0.00026808390369875007,-0.0014155823278791946,nan,0.3993454622446226,0.36793372680941766,0,0.7972603890956523,0.0026753319201710383,True,True,True,True,normal_completion,6.317029543000899,0.06781356656180958,0.14627189671518076,0.019097905495672644,0.051786232813086634,0.027376525396170578,0.0016296701353970709,0.40428019622555794,0.0,0.4520383682551037,4.854678434219903,0.0,0.19035891909163025,0.21949370382896466,0.04007187987909692,0.011670272988406708,0.05151899421967576,0.012249323607758836,0.018404279050840865,0.008859390151139648,0.25758002857495976,0.27942732757801614,0.18268626516665687,0.4520383682551037,0.3450132762040108,0.22426864883993256,0.40428019622555794,0.23349109170800014,0.13454974158000924,0.8243406753834535,0.06345809268005752,0.6619877363185868,24.311756377081778,31.665933842065286,0.3327316212156854,1.0561387683823302,0.8461094604701628,1.3499398034411592,4,0.07316304375470951,0.15438729396457607,0.015633843264738007,0.04053761301556651,0.003709088782745803,0.0016296701353970709,0.3993454622446226,0.0,0.36793372680941766,1.389980416866042,0.0,0.15212499969702312,0.16945204673868977,0.044544956721644935,0.010058821600298737,0.054835056003201973,0.00922958060690737,0.019018265831721407,0.007619186640341401,0.2530970042239026,0.2518274918836335,0.18268626516665687,0.36793372680941766,0.3279410253701741,0.22426864883993256,0.3993454622446226,0.1834674196095805,0.11967832826925313,0.6117435724921023,0.03497851157666421,0.11454463644086264,26.092159626139225,31.665933842065286,0.2735275574664463,0.8346821794353798,0.882660483200987,1.2521174264300503,4
mission_completion,True,True,False,20.01,80.01,77,2,nan,0.625,-1.25,0.5,0.19375,-0.3875,0.56,0.020611702127659576,-0.04122340425531915,0.059574468085106386,7006,7007,7008,0.0775735863064846,0.047939378188380795,0.05727238304563971,0.02096071209750609,0.14831763318093635,0.01598221700166598,0.010120106364851842,0.006805224806919926,0.010329744565075549,0.03314787411552574,4.336800850814008,1.5221230110997934,0.004821695294294763,0.0004323448241735431,0.0003020031429578976,0.004792767213800203,nan,0.3928850474470485,0.4058981252442962,0,0.7670877384135077,0.014185927933282756,True,True,True,True,normal_completion,6.209790849001365,0.07562220777618259,0.15181454018365179,0.0197768125218306,0.04739070662250408,0.02521495398252259,0.004813391866452983,0.400704601462079,0.0,0.41935200355306285,4.45409367363738,0.0,0.19271602819908534,0.22325538240974357,0.041815814024152916,0.011241232117484207,0.05983882468930275,0.013140609303654538,0.01973502131350452,0.009595905435819226,0.2558517760965611,0.29476276797923207,0.18107370214507137,0.41935200355306285,0.32546566999492554,0.2514522085253472,0.400704601462079,0.20667175822036335,0.13829939365779076,0.7142861209891578,0.05986542219397991,0.495079426776481,24.22238786528712,31.178905610831798,0.33253626324258057,1.0491868330571912,0.860350743494203,1.3086037101620314,4,0.07757309472494449,0.14837444720128098,0.015987500788764604,0.03314787411552574,0.003753748083842831,0.004813391866452983,0.3928850474470485,0.0,0.4058981252442962,1.367270273722576,0.0,0.12848252104299415,0.14210312989679627,0.04795008347325329,0.010122729065815548,0.057263457968481604,0.006803770518764555,0.020958790556832994,0.010336307099676955,0.2558517760965611,0.22301142380342578,0.17567886656013884,0.4058981252442962,0.32546566999492554,0.1688978596419195,0.3928850474470485,0.20639610682653228,0.126582159256985,0.6755706883677277,0.030350408621554706,0.1158671671663956,26.097545430734147,31.178905610831798,0.2661189859386087,0.7632509616013243,0.8830139231080159,1.2515193401954527,4
mission_completion,True,True,False,20.01,80.01,78,3,nan,0.625,-1.25,0.5,0.19375,-0.3875,0.56,0.020611702127659576,-0.04122340425531915,0.059574468085106386,7009,7010,7011,0.07328583017386472,0.03920111600834332,0.05916418158530018,0.01826704752592976,0.14492256923078972,0.014578702250096639,0.009987111618869025,0.00805514836930603,0.006921758848565219,0.030685315894134486,4.544735920061042,1.9294427779525425,0.008959698171852833,0.0018319477681319127,9.721570427883436e-05,0.00876987501691906,nan,0.3932475559873091,0.2856639792888991,0,0.7941157445216968,0.025593428929455552,True,True,True,True,normal_completion,6.255547028000365,0.0773195807595565,0.1561845312430891,0.019372861747764265,0.05608552385809494,0.025038661915351302,0.008971569942991605,0.3941424452660325,0.0,0.5454742955933851,4.716147717143095,0.0,0.2031322769422559,0.23073108423937289,0.042137851751539404,0.011494353808056195,0.06213370094173332,0.012595203369746028,0.01849654632308738,0.009195023377237838,0.26442287810145587,0.3662842094339247,0.17967721866622632,0.5454742955933851,0.33674567857184656,0.2717037113894532,0.3941424452660325,0.2658257942156209,0.15981026946645258,1.2920619166568486,0.06553034515322756,0.6848021408748478,24.291001458755712,31.520203810806983,0.3315265399295922,1.0137920204085509,0.8582140343037268,1.317937624344017,4,0.0732881354789004,0.14484639307119584,0.014592747634914744,0.030685315894134486,0.004001743635955709,0.008971569942991605,0.3932475559873091,0.0,0.2856639792888991,1.3415078370206157,0.0,0.16437499161849786,0.18341704534015982,0.03920747951325996,0.00999496638394321,0.059164914155685956,0.008064897965461686,0.01826026519909476,0.006928661582646892,0.25336403028270715,0.2805106481704917,0.17748846037411972,0.2856639792888991,0.3212765315426374,0.20851377724928213,0.3932475559873091,0.15516433163958337,0.11824385290167833,0.6636682895825743,0.027735155296086247,0.08242646659844546,26.112009967530774,31.520203810806983,0.2805827599186584,0.6962136351266848,0.8845840501690287,1.2478420548370204,4
mission_completion,True,True,False,20.01,80.01,79,4,nan,0.625,-1.25,0.5,0.19375,-0.3875,0.56,0.020611702127659576,-0.04122340425531915,0.059574468085106386,7012,7013,7014,0.07773565122026432,0.04865611078600962,0.056794096998109306,0.021209547378185437,0.16239182870610377,0.013848890145525976,0.009052685379426828,0.006547600084657423,0.008183494291276265,0.03760929423194185,4.197995840658922,1.7269784746307888,0.00484272975531702,-0.0005182185805502788,0.0012595242210114155,0.004647265832991576,nan,0.401758225815237,0.30112319867053006,0,0.7925434098457844,0.007858162794457835,True,True,True,True,normal_completion,6.301113515999532,0.07546965381577851,0.15565797161522518,0.017596000645863877,0.046324311992950236,0.01959201873240717,0.004849553812270159,0.401758225815237,0.0,0.43908913439020175,3.721267105923715,0.0,0.19515170797308465,0.2298155357588783,0.044978385684894054,0.01242293100608642,0.05748392447595597,0.00958480632198068,0.019188848196204023,0.00796376240965147,0.25447860605462996,0.379786028147726,0.18089516443381598,0.43908913439020175,0.3330500907120178,0.30791972601349776,0.401758225815237,0.23777156677797762,0.1462439372072803,1.2479252310506013,0.055004438332309516,0.42598845367776594,24.251848809533232,30.99164423257895,0.3186789116448892,1.04840224093291,0.8542128586662663,1.326676144855431,4,0.07773989123068556,0.16242209666304502,0.01384274596159365,0.03760929423194185,0.002027066426003756,0.004849553812270159,0.401758225815237,0.0,0.30112319867053006,1.235567966955167,0.0,0.14702139745575749,0.16172828935436376,0.04864571583604811,0.00905336569343854,0.056807466884962715,0.006543320150243928,0.021213126254070718,0.008175765822814351,0.24696953492580254,0.30112319867053006,0.17879939519168878,0.275552895222407,0.3330500907120178,0.22146285869744414,0.401758225815237,0.13927774132687215,0.11865299952831657,0.39533680316671393,0.031136972798549323,0.11184510608705395,25.965143705152396,30.99164423257895,0.2637012627907074,0.6679777495294056,0.8816968296059312,1.2549390027033103,4
mission_completion,True,True,False,20.01,80.01,80,0,nan,0.625,-0.625,0.5,0.19375,-0.19375,0.56,0.020611702127659576,-0.020611702127659576,0.059574468085106386,7000,7001,7002,0.07110931081212812,0.04498485749564833,0.05125948927915345,0.020133589821797974,0.14216845827334781,0.012710616923420558,0.008546127452485579,0.006720389264421034,0.006584820139872614,0.029121957525973387,4.192056797519583,1.8562833846236804,0.005691411888645809,0.0003158875496523314,0.0008230727220325702,0.005622716037329237,nan,0.36403036926449267,0.28237650986052504,0,0.7792815825233562,0.012709521083256056,True,True,True,True,normal_completion,6.254145950000748,0.07523897207432648,0.14823669405600734,0.017079885240785714,0.05718521477399185,0.02331326185441303,0.005698628077338303,0.3676593173918718,0.0,0.34540657565999633,3.551224991336137,0.0,0.18447242568104322,0.21044844416241384,0.04504310178863238,0.010089920011798918,0.05736654531879776,0.011415186159937809,0.01846893007855372,0.007720720104230806,0.2941837985057612,0.3094014589227898,0.22529601175777866,0.31840367604390535,0.2867167088782353,0.34540657565999633,0.3676593173918718,0.19679781038816885,0.1406587664359571,0.9783553830021816,0.05265521461409307,0.5267229414605984,24.219382727941333,31.46944837156566,0.321843671536839,1.228439275899709,0.877046501583043,1.273110789106944,4,0.0711111465958569,0.1421706248247294,0.012710385712900304,0.029121957525973387,0.0034225660179203533,0.005698628077338303,0.36403036926449267,0.0,0.28237650986052504,0.9000933084838263,0.0,0.15450162961028888,0.16740286625319695,0.04497922446919671,0.008544658765255043,0.05126755629993318,0.006723530832250338,0.020132118799576177,0.006583072588376144,0.2851979881001011,0.1962797938454909,0.21861262801245754,0.28237650986052504,0.28573699142577325,0.19396367339594542,0.36403036926449267,0.19679781038816885,0.09342111247267708,0.4140803663365773,0.025864035341518515,0.07517534085466251,25.941025767146204,31.46944837156566,0.26702421352750033,0.673078601226024,0.9215643821280645,1.1645754977714948,4
mission_completion,True,True,False,20.01,80.01,81,1,nan,0.625,-0.625,0.5,0.19375,-0.19375,0.56,0.020611702127659576,-0.020611702127659576,0.059574468085106386,7003,7004,7005,0.07326820692811073,0.04469668382344706,0.054850315822537195,0.019023129495831757,0.15446653222050177,0.015021806407286965,0.009524897766389599,0.009307215275485635,0.006950304604375364,0.038079918911090783,4.4350765059106765,1.7949893753739654,0.002053306220907493,0.0007524650988392778,-0.00026924569618250876,-0.001891393525137855,nan,0.3582437645970061,0.30147249840449175,0,0.7972650402240571,0.0024096647035846707,True,True,True,True,normal_completion,6.176122630000464,0.06796234323019955,0.14626178955830546,0.018076477931824333,0.04950351086568717,0.027643074858843555,0.0020544416351620676,0.3671500702839058,0.0,0.3524846450389841,4.0897442688274035,0.0,0.1885828411135376,0.2172676847405669,0.040179136887216915,0.011064572237836481,0.0516300981512212,0.012272577499333037,0.018407879324707683,0.007329265797901917,0.29945443936492216,0.2598354941647086,0.2132091233485372,0.3524846450389841,0.3044233141119239,0.2536649019737518,0.3671500702839058,0.24382664552478833,0.12433864874654747,0.6394600831878421,0.06219985430527218,0.6760795459425034,24.31226309770418,31.694123513204175,0.3310290680999561,1.0425136336088212,0.8798482861468983,1.2669418497478935,4,0.07329220072703034,0.15442870866279,0.015016701930382171,0.038079918911090783,0.0040283338083917115,0.0020544416351620676,0.3582437645970061,0.0,0.30147249840449175,1.021903453486286,0.0,0.15086700337898776,0.168174294354116,0.04469959016342978,0.009523232086459837,0.05487889185427376,0.00930079750383192,0.01902631218811582,0.0069501477168531734,0.2924154756297135,0.22607333570456112,0.2132091233485372,0.30147249840449175,0.29425849481479494,0.24354394479355865,0.3582437645970061,0.2002631086565432,0.10990989012712135,0.5952984297525887,0.03230132525600058,0.0912858590100975,26.092829881010218,31.694123513204175,0.27277465167132675,0.8419264705726381,0.9194722084785325,1.1694422967199303,4
mission_completion,True,True,False,20.01,80.01,82,2,nan,0.625,-0.625,0.5,0.19375,-0.19375,0.56,0.020611702127659576,-0.020611702127659576,0.059574468085106386,7006,7007,7008,0.07761594167201434,0.04800770239363506,0.05727508451047706,0.02095374923099469,0.1484386805546763,0.014885917794505647,0.00945310294159303,0.007052613075230521,0.009082402885333454,0.028289460466383882,4.240873552414962,1.498450272420256,0.004327045919103906,0.0004318336066562907,0.0003099615557847768,0.004294271760861376,nan,0.35868034426289336,0.3202942653688456,0,0.767048693528269,0.010709739010931208,True,True,True,True,normal_completion,6.499475717999303,0.0756277360883984,0.1515822599600561,0.01881968317973212,0.046399268376440816,0.025458853761530346,0.004319290357440973,0.3643656893581138,0.0,0.32941459254761646,3.728658511462984,0.0,0.1905972483668483,0.22095377722197085,0.04191021853389645,0.010634050476637374,0.05977952249653143,0.013133788003285457,0.019735671723662543,0.008282575573490132,0.2900366748792391,0.2677503067936816,0.21655697296212306,0.32941459254761646,0.2860539350292087,0.2853309217300028,0.3643656893581138,0.22014759346280638,0.12628736771891694,0.660354090627024,0.0583260240752826,0.5136319433027271,24.2223233245943,31.19422698906662,0.33051140904316495,1.040016222343308,0.8983168465517184,1.219487859538668,4,0.07761593702470522,0.14849545153620153,0.014888342551515483,0.028289460466383882,0.0037440388670920114,0.004319290357440973,0.35868034426289336,0.0,0.3202942653688456,0.9455629853220282,0.0,0.12637791708982637,0.1399198586094006,0.048018396288750376,0.009452995898431783,0.0572668081346468,0.007052948981545926,0.020951849182090865,0.009086227112460302,0.28756499043323697,0.19635755884742512,0.2132367406749519,0.3202942653688456,0.2860539350292087,0.1905758482536442,0.35868034426289336,0.21311729746920183,0.11459746270252398,0.5172462509186886,0.02770723952974624,0.09411763276236149,26.09730449810983,31.19422698906662,0.2637689675825257,0.7519134809102297,0.9203612237017262,1.1673155707695746,4
mission_completion,True,True,False,20.01,80.01,83,3,nan,0.625,-0.625,0.5,0.19375,-0.19375,0.56,0.020611702127659576,-0.020611702127659576,0.059574468085106386,7009,7010,7011,0.07325943720390334,0.039189721567594225,0.05914110908034683,0.018260341717328685,0.14480584739749938,0.013938373007316616,0.009381920513737298,0.00812875570293237,0.0063388595415147615,0.030201796100509014,4.463185762907347,1.9192957658210283,0.008512067831087985,0.001815191180131296,9.096760590436917e-05,0.008315774445912569,nan,0.35267521233315813,0.24861395625630614,0,0.7941024357234018,0.025501635122624364,True,True,True,True,normal_completion,6.322566112001368,0.07725133937591422,0.1558319911951834,0.01834905979824518,0.051223519582925266,0.02533030134704402,0.008523777097485198,0.3570295154250128,0.0,0.41607702912442057,3.9669948454933404,0.0,0.20154620000575638,0.22845707246363914,0.042061798190480094,0.010895626378128333,0.06210023885946141,0.012504078268173074,0.01849688898041615,0.007849926622027333,0.2912123349308565,0.3224600857191591,0.2155826363974069,0.41607702912442057,0.299096824827853,0.3002362915073452,0.3570295154250128,0.27794701502073993,0.14597676297488404,0.9964229695135032,0.06290045168395021,0.6800970443165106,24.290573852962588,31.501119767222768,0.32926338175177605,0.981632798289832,0.8974370954793787,1.2232400357673732,4,0.07326172762108923,0.14472995000093503,0.013951512674040325,0.030201796100509014,0.0038004309160362985,0.008523777097485198,0.35267521233315813,0.0,0.24861395625630614,1.1157302007450176,0.0,0.1635954423050944,0.18270129785418365,0.039196055961277426,0.009390632813301901,0.05914186806066517,0.00813779369015966,0.01825347565265178,0.006343266911934501,0.28863184149958676,0.24861395625630614,0.21149830603272243,0.23423321331497096,0.2879360055578907,0.23384393432675402,0.35267521233315813,0.1663066098231129,0.1127795973616829,0.6695746875273016,0.02723718095668434,0.09223210155114979,26.111678661487716,31.501119767222768,0.2792137973986457,0.6732690161916334,0.9211372321380956,1.1653273029991393,4
mission_completion,True,True,False,20.01,80.01,84,4,nan,0.625,-0.625,0.5,0.19375,-0.19375,0.56,0.020611702127659576,-0.020611702127659576,0.059574468085106386,7012,7013,7014,0.07773555702612546,0.04874056573453675,0.05671683268905458,0.021222039670142336,0.16211495862919123,0.013241683483718498,0.008605902566263623,0.00649774573870014,0.007685045401177855,0.03620007019349702,4.142834704931905,1.704670657477429,0.004373954709084916,-0.0005364909778631591,0.0012552079326453164,0.004155491580261211,nan,0.36745782957810114,0.2664217652364135,0,0.7925134465322451,0.00717612732955412,True,True,True,True,normal_completion,6.34236500499901,0.07553057087354653,0.15550638353561214,0.01688618874943121,0.045178705912411146,0.019865015146191014,0.00438029424857585,0.36745782957810114,0.0,0.35863222379325227,3.3097722851871234,0.0,0.1932075552924889,0.22730504399724744,0.04505685156411681,0.011974055750088365,0.05750017977826254,0.009539472428799172,0.019195744035605037,0.007124873693994401,0.28844338699076844,0.3209825748783697,0.2188404037899308,0.35863222379325227,0.29691475570729564,0.3291972111000838,0.36745782957810114,0.24721813534511491,0.1357160160523134,1.2480930187059585,0.05299763754917846,0.4523039084460747,24.252200227232,30.983840084468017,0.31704471846922627,1.0486407796588277,0.8904760619250588,1.2399203977256958,4,0.07773951922645791,0.1621444777825776,0.013240072965828612,0.03620007019349702,0.002254951275349604,0.00438029424857585,0.36745782957810114,0.0,0.2664217652364135,0.9354883999112011,0.0,0.14506560550486733,0.1598860218352971,0.04872993826900795,0.008606647271030814,0.05673005937632007,0.006495355865264555,0.021225605504171022,0.007683456714012051,0.28595969224124446,0.2664217652364135,0.2188404037899308,0.2175992216698313,0.29691475570729564,0.25243678435954675,0.36745782957810114,0.14673269648747048,0.11245391481119708,0.4059416120752388,0.02999736207822445,0.0985288426225752,25.965088721068252,30.983840084468017,0.2623590756718689,0.6583292143060737,0.9184275256360768,1.1721624892316005,4
mission_completion,True,True,False,20.01,80.01,85,0,nan,0.625,0.0,0.5,0.19375,0.0,0.56,0.020611702127659576,0.0,0.059574468085106386,7000,7001,7002,0.0711062199826835,0.04499917125310064,0.05123889810072694,0.020143098773108895,0.14219656333431951,0.012485860488337542,0.008357080672668408,0.006710016960005249,0.006405590305442796,0.02783727303550524,4.159709635601453,1.8489485731387254,0.005548713035803881,0.00031912398130251596,0.000824468093459738,0.005477830647357074,nan,0.3290807729936116,0.24617509392214934,0,0.779256285782988,0.013384496524625778,True,True,True,True,normal_completion,6.2435627530012425,0.07522536048071837,0.1481045590187135,0.016826342404562166,0.055522887587379874,0.02339521321429032,0.005555879635531214,0.3342559100870578,0.0,0.3918994907358754,3.1187507730041917,0.0,0.1840177416989871,0.2097213104415678,0.04505168431050296,0.009903346776799049,0.05733991904950107,0.011390821748908946,0.018475234332410256,0.0074363096505332335,0.3342559100870578,0.2791732331457703,0.2573435166089566,0.25865584049956003,0.2512993798530195,0.3918994907358754,0.3290807729936116,0.211237665191932,0.13768048378312278,0.9639657284234318,0.05219636579600838,0.5497265381288201,24.219347509840457,31.478937038718357,0.3212884281103033,1.1943687492835628,0.9133807930892944,1.1869846136528268,4,0.07110809941242295,0.14219925804988578,0.012487319025698525,0.02783727303550524,0.0033741986203218908,0.005555879635531214,0.3290807729936116,0.0,0.24617509392214934,0.7914774959182673,0.0,0.15390834100938575,0.16681304835701583,0.044993566367567635,0.008355637261030155,0.05124700325717352,0.006714714341540506,0.020141634609275372,0.006405394111463171,0.3193323423633496,0.18014143308966052,0.25335488445201254,0.24617509392214934,0.2512993798530195,0.22580140467486912,0.3290807729936116,0.211237665191932,0.09178319748009389,0.3903483080846115,0.02482430532430237,0.07443454404712428,25.941130597811213,31.478937038718357,0.2663953357956432,0.6680785498783108,0.9550340309432389,1.09249619191695,4
mission_completion,True,True,False,20.01,80.01,86,1,nan,0.625,0.0,0.5,0.19375,0.0,0.56,0.020611702127659576,0.0,0.059574468085106386,7003,7004,7005,0.07335066696891221,0.04479562857431347,0.054879713995180365,0.019023380278584148,0.1545465444289403,0.014803019866891604,0.009365666369441297,0.009375557354771823,0.006596409244679126,0.03744474233034595,4.422714627213821,1.7899860716125626,0.002177338259027668,0.0007468830297319116,-0.0002708093319320555,-0.002027222222614637,nan,0.3322340752434132,0.2665221191766346,0,0.7972747952039776,0.0028104957660327968,True,True,True,True,normal_completion,6.267607899000723,0.06802376677719481,0.14627487399134537,0.017759961506362183,0.05072015061361677,0.027732467668761925,0.0021785690085821597,0.3412010306996162,0.0,0.3005672661669674,3.5574101385937564,0.0,0.187977231389309,0.21658640439507568,0.04022903135533376,0.01090939568261814,0.051672244925641625,0.012309218989342417,0.018407525284901,0.006699585540908577,0.3412010306996162,0.24102278656058287,0.2507186333091823,0.3005672661669674,0.2642537980424745,0.2871539126231311,0.3288403465351035,0.2595475461962272,0.1209732847791984,0.6269342165695235,0.06200598834736856,0.688310704117024,24.312428716657564,31.70833604625613,0.3307476116392746,1.0318688720877134,0.9130120128513819,1.188983604912928,4,0.07337453846323273,0.15450801930877547,0.014797345294863299,0.03744474233034595,0.004150035148966037,0.0021785690085821597,0.3322340752434132,0.0,0.2665221191766346,1.263935031006364,0.0,0.15051249388191826,0.16782269717515375,0.04479858433342287,0.009363866555100133,0.05490809892086205,0.009368463284357021,0.019026571139079382,0.006596311590831999,0.3322340752434132,0.20546422927017519,0.24441749120841888,0.25636871764623215,0.25701004133907795,0.2665221191766346,0.32054275779413893,0.2187379547756621,0.10671566164173696,0.5889657931952428,0.03138340354068466,0.09272084803826817,26.093254572283453,31.70833604625613,0.2727726456941445,0.8539096367388146,0.9551723853193195,1.0920537634202585,4
mission_completion,True,True,False,20.01,80.01,87,2,nan,0.625,0.0,0.5,0.19375,0.0,0.56,0.020611702127659576,0.0,0.059574468085106386,7006,7007,7008,0.07763871135657055,0.048059327463911505,0.057263191269379836,0.020952266475773453,0.14837852871745993,0.01424114754107921,0.009190320456410403,0.007144846131183262,0.008203625232602124,0.02640018929963949,4.19922339916116,1.4879080516621608,0.0041911941626457325,0.0004325884924619369,0.0003144506433966779,0.004156933545060901,nan,0.3208149973099331,0.2766736071633977,0,0.7671267638051629,0.009817616696249268,True,True,True,True,normal_completion,6.302955024000767,0.07565661367189282,0.15150121972583214,0.018452643951050996,0.046076261186000486,0.025526325830444393,0.004183501673596239,0.32916858357145784,0.0,0.33509370961544394,3.2800313695996346,0.0,0.18991163488333387,0.2201778459600524,0.04195936325365312,0.01042340693408754,0.05978119260937689,0.013151060459085288,0.01973687001139249,0.007674781135130712,0.32916858357145784,0.2457751925881988,0.2525937493894995,0.286177984935543,0.24948234050291243,0.33509370961544394,0.32446369856649004,0.24352843958223383,0.12445711231970454,0.6375210393579351,0.0580339300508919,0.52523552271245,24.2223214766639,31.221758915746555,0.3298240448476221,1.033643892513607,0.9202514927260287,1.171498544213009,4,0.07763897897943557,0.14843348984501803,0.014243390687118997,0.02640018929963949,0.0037548432556502452,0.004183501673596239,0.3208149973099331,0.0,0.2766736071633977,0.8383889711658175,0.0,0.1255113492954265,0.1390132756502729,0.04806994922300289,0.009189155398545576,0.05725533416154115,0.007145929014476613,0.02095036392804248,0.008207880350452864,0.3174857106474971,0.17466077673521335,0.25150454838631464,0.2766736071633977,0.24948234050291243,0.214099486007272,0.3208149973099331,0.23127427760760022,0.11026148943967995,0.44210919757385625,0.026433005775664452,0.09330783616450603,26.097027119870702,31.221758915746555,0.26260741408663657,0.7455978237638334,0.955211999167768,1.092719335371523,4
mission_completion,True,True,False,20.01,80.01,88,3,nan,0.625,0.0,0.5,0.19375,0.0,0.56,0.020611702127659576,0.0,0.059574468085106386,7009,7010,7011,0.07323497592961378,0.0391990922678528,0.059105541380732075,0.018257268220575638,0.14474624524457946,0.013713017880661394,0.00917940641692245,0.008186587149263421,0.006063427090005854,0.030394096360108258,4.440989256774095,1.9176418029305684,0.008398686742635103,0.0017993341104356499,9.066317175205748e-05,0.00820317718626297,nan,0.3266548501360738,0.26645230037750917,0,0.7941023418954964,0.02493515623454406,True,True,True,True,normal_completion,6.176855479998267,0.07721744254360806,0.15564543079779034,0.017950983551717613,0.04839837127737312,0.025423490266776594,0.008410363495193153,0.3266548501360738,0.0,0.3484678753714163,3.4672163052913287,0.0,0.2010892948716375,0.22778723497656336,0.04202664614144904,0.010664582377242332,0.06208213063714796,0.012462418339404733,0.018496040187805988,0.007293327246649305,0.3266548501360738,0.29297629640329825,0.2515552077034211,0.3484678753714163,0.25588339647367875,0.3401737212130684,0.31972186834670757,0.29453676838993925,0.14202069141571722,0.8605649522029069,0.06206117688031681,0.6758893400748649,24.29039703496354,31.494584818238696,0.3283260087549718,0.974587246028572,0.902583724334622,1.2159640632630004,4,0.0732373252142706,0.14466999364716937,0.013723843340207199,0.030394096360108258,0.003764151462645569,0.008410363495193153,0.3266548501360738,0.0,0.26645230037750917,0.9118886369809365,0.0,0.1634518270694178,0.18263558913629988,0.03920554900072355,0.009188510298937202,0.05910630750403469,0.008194213002129877,0.018250346444141616,0.006063829465659479,0.3266548501360738,0.22339413444077846,0.24731573554183675,0.20636362734064395,0.2506276164466537,0.26645230037750917,0.3140018933599303,0.18314238460999432,0.11145865912884204,0.7002264973700107,0.02751438474944365,0.10054508414924515,26.111665795224905,31.494584818238696,0.27880785907440003,0.6688380764396216,0.9565039978007154,1.0896382575548313,4
mission_completion,True,True,False,20.01,80.01,89,4,nan,0.625,0.0,0.5,0.19375,0.0,0.56,0.020611702127659576,0.0,0.059574468085106386,7012,7013,7014,0.07774178981271342,0.04877101705681501,0.05669551715069149,0.021231865521984132,0.16201718057580813,0.013122446915219708,0.008508771862392458,0.006489390402862073,0.0075952107696732225,0.036037978644939,4.139406458905798,1.6970792043892118,0.00425946143248867,-0.0005553532171429232,0.0012523699914166644,0.004033133261332492,nan,0.3360721156481653,0.28507491357961934,0,0.7925057716347689,0.006961203469978704,True,True,True,True,normal_completion,6.232138258999839,0.07557233716306129,0.15549437496154536,0.016662578816411273,0.04581165628604515,0.019949142855904538,0.004265747395444247,0.3360721156481653,0.0,0.3579065140877241,3.023364696474736,0.0,0.1925847416722931,0.22646871201429422,0.04510213853612788,0.011848657712525537,0.05751771375523236,0.009525185976522096,0.01920124600453046,0.006820679976160257,0.3223778213953572,0.2849630391411114,0.2595045732291875,0.3083884204703234,0.25870661652552335,0.3579065140877241,0.3360721156481653,0.2654354097839484,0.13298547386821338,1.2746011278869247,0.05254169865532271,0.4784182678722679,24.252537053119667,30.979590393472357,0.31657774407051603,1.0537196294333342,0.9104463027215948,1.1947609855819596,4,0.07774578332043788,0.16204603264353049,0.013121845535827584,0.036037978644939,0.002349509126786004,0.004265747395444247,0.3360721156481653,0.0,0.28507491357961934,0.9905596324910437,0.0,0.14439869351080128,0.15920177571209,0.04876046012275362,0.008509609114941277,0.056708738676254,0.006487715859240211,0.02123542583689259,0.007594664305075617,0.3223778213953572,0.23089732025116885,0.2595045732291875,0.1901896356775809,0.25870661652552335,0.28507491357961934,0.3360721156481653,0.15974089925176632,0.1122263262084134,0.39187639079241876,0.030279115335235737,0.09460601281349983,25.965267434163597,30.979590393472357,0.2622639029111221,0.6669720614351066,0.9546493564364106,1.0942038445735867,4
mission_completion,True,True,False,20.01,80.01,90,0,nan,0.625,0.625,0.5,0.19375,0.19375,0.56,0.020611702127659576,0.020611702127659576,0.059574468085106386,7000,7001,7002,0.071068546205252,0.044982789077643234,0.05119767378928609,0.020151554408783155,0.14217776544253427,0.012732529861327656,0.0085347530327114,0.006722889915632503,0.006639130855956272,0.028373635384047833,4.190774601210563,1.8467670139206012,0.0056764200802032014,0.00032477772853042874,0.0008286843953714089,0.005606206072456904,nan,0.35466765475321815,0.2661726440391066,0,0.7792276549960139,0.014932167688100914,True,True,True,True,normal_completion,6.163268190999588,0.07515058199732957,0.14803783549705019,0.017062514927356665,0.05503822315071886,0.02335977219260251,0.005683530190310639,0.3735409072718559,0.0,0.4726337531135097,2.8559856945836115,0.0,0.18432701134937166,0.21024480444042368,0.04501734415916322,0.01005186581562179,0.057267075544966684,0.011399725755014193,0.018480550801312372,0.007754718691317512,0.3735409072718559,0.26521309640220936,0.28892601938845713,0.226071951069129,0.22059204072286248,0.4726337531135097,0.29153249422503613,0.2342809967341887,0.14424163305693197,0.9771246564399831,0.05310754009682097,0.5695872574734491,24.219208991673828,31.491851406861706,0.3218470546565533,1.1902455942354393,0.8989604895089871,1.2184657504263987,4,0.07107053069720304,0.14218149018469256,0.012735369667071967,0.028373635384047833,0.0033986955506713724,0.005683530190310639,0.35466765475321815,0.0,0.2661726440391066,0.905053957297332,0.0,0.15375728764953578,0.1667480838354151,0.04497727939794282,0.008533670017118264,0.051205839189157366,0.006730016442119417,0.020150104329149866,0.006638749527186263,0.35466765475321815,0.16553700583703604,0.2874997781487237,0.22139169410135312,0.21804660343328502,0.2661726440391066,0.29153249422503613,0.2342809967341887,0.09307270987888472,0.4049866607093122,0.02494229452700321,0.085631704518397,25.94136464964557,31.491851406861706,0.26676003416847716,0.6797556777664704,0.9189822889747523,1.1699692453405908,4
mission_completion,True,True,False,20.01,80.01,91,1,nan,0.625,0.625,0.5,0.19375,0.19375,0.56,0.020611702127659576,0.020611702127659576,0.059574468085106386,7003,7004,7005,0.07333550975180686,0.04482374254258341,0.054837589988610116,0.019020195037765617,0.15454080576407106,0.01509483607081049,0.00953816891945532,0.009441146565534915,0.006909570261359635,0.0376410999282777,4.45767206506821,1.794484762342052,0.002028582232470335,0.0007409338908196533,-0.00027283636465637306,-0.0018686153059017455,nan,0.36972933377167033,0.30050587467083195,0,0.797301191780267,0.0031471432818198602,True,True,True,True,normal_completion,6.096837617000347,0.06801610719622805,0.14632876137824757,0.0180393443124466,0.050952562995659256,0.02768280433864428,0.002029654433075951,0.3831162732962358,0.0,0.32653752270473774,3.531912692887061,0.0,0.18843709960150612,0.2171760358763025,0.04022717688122284,0.011151285352993132,0.05166443776430365,0.01237578407781699,0.0184051880945018,0.006921469978145665,0.3831162732962358,0.2232590993131757,0.29065689391463656,0.2678310715574895,0.22827081772120678,0.32653752270473774,0.2908391045530575,0.2820380535263264,0.12255754949616872,0.620710564362156,0.06257109832258739,0.6977080353058882,24.31244033583457,31.70808674056899,0.33164905032070124,1.0358426769751068,0.879510389984227,1.2678145439917214,4,0.0733592913208867,0.15450182466418638,0.01508887376695112,0.0376410999282777,0.004078065953087527,0.002029654433075951,0.36972933377167033,0.0,0.30050587467083195,1.6693932864761591,0.0,0.150939991309652,0.1682123110592089,0.044826855137646206,0.009536243179702966,0.05486573357207062,0.00943375912062057,0.019023405614394275,0.006909295653441277,0.36972933377167033,0.19004272636867886,0.2804289377726128,0.22912459834804233,0.2199260352582745,0.30050587467083195,0.2830583894192711,0.24920606919367277,0.1088952814018959,0.6133557215543988,0.03140919288822194,0.11232701931100089,26.093348207930735,31.70808674056899,0.27347058965144244,0.8647413986634587,0.9195078841572938,1.1696722549794576,4
mission_completion,True,True,False,20.01,80.01,92,2,nan,0.625,0.625,0.5,0.19375,0.19375,0.56,0.020611702127659576,0.020611702127659576,0.059574468085106386,7006,7007,7008,0.0776217993492824,0.0480465924777181,0.0572510399996083,0.02095201910231067,0.14829078945864024,0.014241745582720958,0.009334374713459569,0.007137757894056903,0.008046687405231241,0.027790329327252457,4.217599576816118,1.4896200412645257,0.0043556504525081915,0.0004325867129310358,0.00031286952034989893,0.004322808376908044,nan,0.3495676628547048,0.26300139133810463,0,0.7672151745190325,0.011241569004912662,True,True,True,True,normal_completion,6.187742097999944,0.07565365608363717,0.1514899061075577,0.018655091724932384,0.04725559291851183,0.025473160927850323,0.004348233415058605,0.3664932402528618,0.0,0.40519105555152374,2.933460950223787,0.0,0.19039507643609244,0.2206569515758032,0.041923770292187766,0.010598257841074104,0.059802257095038426,0.013160866375424173,0.019737355690366727,0.007904490764621169,0.3664932402528618,0.2260481573521229,0.29204287681557434,0.26148337052571013,0.21835101642846788,0.40519105555152374,0.2902278842712308,0.2774485043610191,0.13002656567252513,0.6179425387939546,0.05847418816714334,0.5300558362185015,24.22217260259859,31.23810551955012,0.33036920520374174,1.0346424280409094,0.886059857684081,1.2515585639913371,4,0.0776222874026586,0.14834517357595883,0.01424620171354993,0.027790329327252457,0.003745715679364663,0.004348233415058605,0.3495676628547048,0.0,0.26300139133810463,0.9674329007857169,0.0,0.12570709351262527,0.139209193598016,0.04805734604057079,0.009333296702543934,0.05724337503836248,0.007139575362050771,0.020950107574309644,0.008054210052825358,0.3495676628547048,0.15867773829895082,0.29204287681557434,0.250427559721779,0.21195648107554527,0.2416052902539765,0.2864725562919022,0.26300139133810463,0.11059173774901294,0.4268328802435377,0.026381927574303816,0.09503784446945124,26.09693252669106,31.23810551955012,0.2628312444641443,0.7438580136198703,0.9190026085165427,1.1706222584492647,4
mission_completion,True,True,False,20.01,80.01,93,3,nan,0.625,0.625,0.5,0.19375,0.19375,0.56,0.020611702127659576,0.020611702127659576,0.059574468085106386,7009,7010,7011,0.07318455406320137,0.03916041413237124,0.059069488839203474,0.01825476394495527,0.14455413781733265,0.013884707480339778,0.009325292574981138,0.00810912055382458,0.006329785466281135,0.03137620930332713,4.452417735843824,1.922768055726427,0.008577969621442333,0.0017844260533679164,9.673667588719001e-05,0.008389757356562083,nan,0.3659983027915149,0.30999942071673153,0,0.7941126593598149,0.02495096645232243,True,True,True,True,normal_completion,6.180738339000527,0.07717561053334979,0.1555113688059549,0.018080737497238528,0.04784389729263812,0.025384633606681042,0.008589750338452199,0.3659983027915149,0.0,0.39234639419534306,3.2028238050921023,0.0,0.20162891157008028,0.22839432155006686,0.04194491674622591,0.010823557028210341,0.06208593730071244,0.012412830200644754,0.018494193949439176,0.007462260254848215,0.3659983027915149,0.2673567615460542,0.2870960902870421,0.30979465018835156,0.2216811228143952,0.39234639419534306,0.2917601959433831,0.3201713337449305,0.14533917934654955,0.8188697233554052,0.06254833166173734,0.6685377542084835,24.29012764796934,31.492071475630475,0.32842441681513784,0.9790632636139309,0.8707034162402609,1.2915407597070494,4,0.07318696928533223,0.14447696158054518,0.013893359473719736,0.03137620930332713,0.0038409666494564087,0.008589750338452199,0.3659983027915149,0.0,0.30999942071673153,1.0874592053751972,0.0,0.16381974770268948,0.18307911598811094,0.03916707764452668,0.009334698939646637,0.059070214194617124,0.008115687705026691,0.018247802524190053,0.0063264876706302445,0.3659983027915149,0.2014499488127453,0.2845715757152088,0.18436761479803165,0.21256639474233754,0.30999942071673153,0.27929998276129875,0.2022513060583175,0.11359490361987927,0.7482304622130016,0.028770415640619027,0.13226090596363987,26.111528086410537,31.492071475630475,0.2787499708329042,0.6731908590450191,0.9206496424395463,1.1669493672715776,4
mission_completion,True,True,False,20.01,80.01,94,4,nan,0.625,0.625,0.5,0.19375,0.19375,0.56,0.020611702127659576,0.020611702127659576,0.059574468085106386,7012,7013,7014,0.07772717963772678,0.048791529869701526,0.056655740331411464,0.021237423452696625,0.1618925543859904,0.013432811909274598,0.00878452618071723,0.006485593417247876,0.00782365730310278,0.03754044815845774,4.1866381374534205,1.7005290713482235,0.004441892695533122,-0.0005743751863657269,0.0012495347909586736,0.004223643766950724,nan,0.35344064501567674,0.32581328914356444,0,0.7925156438896803,0.007020741382172576,True,True,True,True,normal_completion,6.154825970999809,0.07554367269573978,0.15540309221953563,0.016859128857402327,0.04715446044109349,0.01987631830094517,0.004448365628792347,0.35560400715920726,0.0,0.4013681754901735,2.8879699397552354,0.0,0.19304721479070028,0.2270265688600592,0.04510903715447988,0.012028890871903302,0.05747338301822314,0.009498346463733086,0.019204986222266157,0.007022636590143794,0.35560400715920726,0.2615180791706833,0.2986545946074287,0.27426767427124504,0.22898216448570832,0.4013681754901735,0.3036920945652435,0.3028916869236054,0.1369644120446641,1.316586199642913,0.05305469516609282,0.5088210528514228,24.25265029152387,30.99242462527458,0.3169214215684723,1.0551088219100568,0.8774155518636622,1.2736605796997995,4,0.07773121163104911,0.16192101168337408,0.01343270379286181,0.03754044815845774,0.0022929331249152743,0.004448365628792347,0.35344064501567674,0.0,0.32581328914356444,1.1553139664871996,0.0,0.14465365569142374,0.15941181057299048,0.04878115093057884,0.008785480128906675,0.056668872285275965,0.006484269109646377,0.021240986074900388,0.007823498207645723,0.35344064501567674,0.20373000962187393,0.2986545946074287,0.17062941153621675,0.22898216448570832,0.32581328914356444,0.3036920945652435,0.17861222632938956,0.11812922521540219,0.4754327416851396,0.0313235613129499,0.1130841711420973,25.96549256875728,30.99242462527458,0.2630285075752266,0.6900311456510684,0.9201715526848945,1.1674487519122239,4
mission_completion,True,True,False,20.01,80.01,95,0,nan,0.625,1.25,0.5,0.19375,0.3875,0.56,0.020611702127659576,0.04122340425531915,0.059574468085106386,7000,7001,7002,0.07100364625257444,0.044913798169994766,0.05116560455694892,0.02015811066116141,0.1420800189859677,0.01355943837049033,0.009089820913121356,0.006775230274272388,0.0074383989823812585,0.03150364864901738,4.292122727931442,1.8493215610662574,0.006108190772583096,0.0003319461540161918,0.0008383433501855178,0.0060412735985306,nan,0.38960501904848693,0.3211148612772248,0,0.7792173617795014,0.016312726550936026,True,True,True,True,normal_completion,6.258716929000002,0.07496367774899287,0.14783633261532284,0.017876682869809563,0.05621333496618346,0.023198881744810503,0.006115188977246193,0.4129729340426567,0.0,0.5591850382038647,3.2481522822848143,0.0,0.18552437198246077,0.21220855806850777,0.0449186536924704,0.010555275996118014,0.05709795794562564,0.0114501851872315,0.018484878429417127,0.008778109036211726,0.4129729340426567,0.2511644841026106,0.3268844992118099,0.20818758555008365,0.19195199578685718,0.5591850382038647,0.2529146998814004,0.2675600940080887,0.15999064891394996,1.0886090248855282,0.055764777876328955,0.589331965511864,24.218677325638744,31.510277124223506,0.3235785091993936,1.226950254494111,0.863273444652444,1.3032924127279395,4,0.07100572295491382,0.14208329100842326,0.013563190838182,0.03150364864901738,0.003533225155602719,0.006115188977246193,0.38960501904848693,0.0,0.3211148612772248,1.346248479380133,0.0,0.15405630693588773,0.16721784767286263,0.0449084944132314,0.009089464436810185,0.05117370343736004,0.006783888075721841,0.02015668371513193,0.0074377849216676105,0.38960501904848693,0.15496613753224728,0.32598165815421754,0.20475099847033262,0.18522942069305465,0.3211148612772248,0.2527578639647595,0.2675600940080887,0.0973033560840605,0.38060691158420923,0.026183815509097933,0.10418039743963128,25.9415048404709,31.510277124223506,0.26785254977759293,0.7034514860191026,0.8823128564675649,1.2531705012524599,4
mission_completion,True,True,False,20.01,80.01,96,1,nan,0.625,1.25,0.5,0.19375,0.3875,0.56,0.020611702127659576,0.04122340425531915,0.059574468085106386,7003,7004,7005,0.07306129893750543,0.044742994543209805,0.054537969070444364,0.01901651312446856,0.15400917015546628,0.016130518674406007,0.010062302246601406,0.009488137884512844,0.008301743533009972,0.037981244890817535,4.545422783685108,1.809005134907567,0.001560460975515467,0.0007334297306728181,-0.0002768200144629557,-0.0013492553375342303,nan,0.4051508515555141,0.34730853778059145,0,0.797360235993056,0.0033798355345729825,True,True,True,True,normal_completion,6.163621837000392,0.06791793126387646,0.14636339741775448,0.019076603708588175,0.05261074421199881,0.027469867205874222,0.0015608384181952425,0.4228686685089783,0.0,0.38541174152006497,3.9635316255962083,0.0,0.19015646899540792,0.21936341046814867,0.040121451408260254,0.011885229858175209,0.051618875040215326,0.012480350514093302,0.01840125712123753,0.008179179134744006,0.4228686685089783,0.2117079490222542,0.3252665839151239,0.24269595555486387,0.1961461074591917,0.38541174152006497,0.2594825113280797,0.3076874156385334,0.13002688027239206,0.6641113445302409,0.06426758021098151,0.7013699188238397,24.312090812153446,31.687780777916046,0.3341596335662734,1.03127007261804,0.843583732930568,1.3570413078370793,4,0.07308492244760847,0.15396871219859537,0.01612330133315449,0.037981244890817535,0.003788285236040575,0.0015608384181952425,0.4051508515555141,0.0,0.34730853778059145,2.2750576723575207,0.0,0.15226543082250313,0.16963434108680164,0.04474633444265565,0.01006022168417693,0.054565741227398615,0.009479666013672191,0.019019761497545758,0.008299922759528911,0.4051508515555141,0.1770195927481943,0.3172353899299039,0.20534100138097766,0.18613081050494482,0.34730853778059145,0.2534533266076137,0.28754105915676204,0.11499228831705756,0.6641113445302409,0.03226249191922002,0.13531050837540612,26.092577182033576,31.687780777916046,0.2748586765532395,0.8589641890506884,0.8826109240744957,1.2537292210367803,4
mission_completion,True,True,False,20.01,80.01,97,2,nan,0.625,1.25,0.5,0.19375,0.3875,0.56,0.020611702127659576,0.04122340425531915,0.059574468085106386,7006,7007,7008,0.07749443702910318,0.047930051485268084,0.057176632337007205,0.02095067181920168,0.14805023361194755,0.014903422358048458,0.009843454044796906,0.007142194321105641,0.008614375817777867,0.030805144390928813,4.300330473565498,1.5058674829485474,0.0048612224306687785,0.00042896608269249806,0.00030703361229302006,0.004832515078223659,nan,0.3875069086944254,0.3081494502123173,0,0.7672830010754171,0.012990349204964332,True,True,True,True,normal_completion,6.232539429000099,0.07561535878969605,0.1516159261130733,0.019515099821862922,0.04932953456146705,0.025303171258660963,0.004854175647890231,0.4027263914012563,0.0,0.5237952435567325,3.1713778510410893,0.0,0.19232599335625977,0.22261931106294738,0.04178133982820384,0.011191274953247208,0.059853679532680275,0.013159647542581194,0.01973674677989821,0.009078444940249003,0.4027263914012563,0.21311289835044286,0.33258377041298354,0.2434280289284315,0.1870926979397604,0.5237952435567325,0.25250958445166755,0.3194571135125496,0.14559386952969186,0.8943860633687137,0.06036888101396007,0.528183383131296,24.221838736653947,31.24032702032946,0.332198056386462,1.037896066859918,0.8492177031793299,1.3426602692468121,4,0.07749524260375934,0.14810549369366752,0.014909542926739997,0.030805144390928813,0.0037552412933812393,0.004854175647890231,0.3875069086944254,0.0,0.3081494502123173,1.407602736052386,0.0,0.127237096740998,0.14072760236277762,0.04794097101998507,0.009843927750147018,0.05716926954503037,0.007143825390051066,0.020948759952897706,0.008623068800064736,0.3875069086944254,0.14911856362735212,0.33258377041298354,0.22565059103678797,0.1707727644617669,0.28516330057042083,0.25250958445166755,0.3081494502123173,0.11573784179391672,0.459635419220902,0.02774954659694944,0.09801778870928039,26.096798199693882,31.24032702032946,0.26429945392553605,0.7497827950454599,0.8820636083008824,1.2542574159667332,4
mission_completion,True,True,False,20.01,80.01,98,3,nan,0.625,1.25,0.5,0.19375,0.3875,0.56,0.020611702127659576,0.04122340425531915,0.059574468085106386,7009,7010,7011,0.07301428181292396,0.03895618446933987,0.05899375308055219,0.01825481135806892,0.14406701413202797,0.014555479329552878,0.009834091354657877,0.007925684513641739,0.007234372863732071,0.033974377776157756,4.509425508269733,1.9365597440895725,0.009093164570243123,0.0017672778667338004,0.00011007611174555787,0.00891909491444623,nan,0.40300805690938374,0.36745159002927974,0,0.7941330166578454,0.025315749821625027,True,True,True,True,normal_completion,6.254194674998871,0.07706494198697782,0.15528816973805434,0.018804315723343606,0.05279815791562054,0.02521218961026547,0.009104714409005697,0.40300805690938374,0.0,0.45711668551755885,3.5202679837014226,0.0,0.20343194973392478,0.2305507275080135,0.04176787920911971,0.011429265208225734,0.0620684917085888,0.012385623222044551,0.01849194113254434,0.008340894677717679,0.40300805690938374,0.24206135205465146,0.3273635116276063,0.28071940775658777,0.18947149722683537,0.45711668551755885,0.25724220514248186,0.3581722047329597,0.15620731681133343,0.8471185224926927,0.06437741086731841,0.6516608243843942,24.28936258481994,31.504724832818177,0.32980103528217053,0.9844473356173333,0.8319163574504194,1.3876835729770816,4,0.07301654948612059,0.14398844218443807,0.014561864027980624,0.033974377776157756,0.004078263675610788,0.009104714409005697,0.40300805690938374,0.0,0.36745159002927974,1.680532001149156,0.0,0.16487453886987738,0.1841629876819872,0.03896282233734288,0.009844641636120128,0.05899433613875763,0.007930170499586492,0.018247829402836608,0.007227953436018678,0.40300805690938374,0.1815748344718483,0.32106009835256566,0.17332101236320108,0.17406380667934357,0.36745159002927974,0.2484558742445425,0.22288993216916614,0.12223144328349993,0.8203094596355385,0.03132255847590657,0.17635175932236904,26.110777258212767,31.504724832818177,0.27945535576790276,0.6898432498235474,0.8840171976182626,1.2498021711944587,4
mission_completion,True,True,False,20.01,80.01,99,4,nan,0.625,1.25,0.5,0.19375,0.3875,0.56,0.020611702127659576,0.04122340425531915,0.059574468085106386,7012,7013,7014,0.0775696078604051,0.048642861047294164,0.056567787562552006,0.02123679691075465,0.16162510955808723,0.014114557177342085,0.009368280002824388,0.006385697938491065,0.008407075349935266,0.040553573496494064,4.2607104234393285,1.7134918293961259,0.004974519371508282,-0.0005959543936028891,0.0012462679518917066,0.004778859438228353,nan,0.3931743359797216,0.38821937415895863,0,0.7925117628726216,0.00732229566366412,True,True,True,True,normal_completion,6.157707718999518,0.07537484045246032,0.15519110261848615,0.017547053403766874,0.04915364877396153,0.019657614996886567,0.004981200959760645,0.39411402994077227,0.0,0.4545073600888053,3.4028842773521717,0.0,0.19468629773929383,0.22907083724432667,0.04504376337021115,0.012481082265988546,0.05730199786510171,0.009476043121836817,0.019206951745400682,0.00789469919486246,0.39411402994077227,0.23855965727822462,0.3330178872253598,0.25212863910767797,0.19639887457752714,0.4545073600888053,0.2674002936339827,0.3521955812908397,0.14910019516338277,1.413583510076208,0.05493099156885434,0.5479872041686072,24.252333777555098,30.995630204432423,0.3181617095534902,1.0503497592075688,0.8414959884409238,1.3640122973057798,4,0.0775735903522713,0.16165336848344175,0.014114986870673286,0.040553573496494064,0.002126663716612349,0.004981200959760645,0.3931743359797216,0.0,0.38821937415895863,1.8146510790183268,0.0,0.14560178732304374,0.1605080512941355,0.048632742895405104,0.009369230179857123,0.056580609535914934,0.00638493251267593,0.021240359299120992,0.008407319251979645,0.3931743359797216,0.1910802919694706,0.3330178872253598,0.15711201196018448,0.19639887457752714,0.38821937415895863,0.2674002936339827,0.21044156562142255,0.1321038529521756,0.6202164501857226,0.034318413106777426,0.13747536518093637,25.965092122559597,30.995630204432423,0.26449151821547867,0.7147926518102882,0.8832144634477505,1.2508904622062427,4
mission_completion,True,True,False,20.01,80.01,100,0,nan,1.25,-1.25,0.5,0.3875,-0.3875,0.56,0.04122340425531915,-0.04122340425531915,0.059574468085106386,7000,7001,7002,0.07076658258591621,0.04461725310278863,0.05111543588255216,0.02011024989868843,0.1415075689488473,0.014356589423672824,0.00852350655467465,0.007209731161125065,0.009026697761453779,0.03523188667759592,4.2462578101706026,1.8848326513477818,0.006839602700032102,0.00032185131113753734,0.0008057309963039327,0.006784347749739877,nan,0.4361285381598796,0.40730927011447027,0,0.7792769323839307,0.012963638814811112,True,True,True,True,normal_completion,6.156121866000831,0.0751150040092514,0.1486616063496377,0.01903020272501348,0.06763452276847148,0.02266432180890203,0.006847161045952055,0.4444767822528773,0.0,0.5746801437661295,5.743880447289479,0.0,0.18800833940690712,0.2160043740590067,0.04497821531120068,0.010464598244852137,0.05725959689493557,0.012227801669048676,0.01845433656782632,0.010154883833474338,0.30178427619108183,0.3342874538164728,0.15566510987915813,0.5746801437661295,0.30148336990881647,0.3626244351750601,0.4444767822528773,0.17160167220508193,0.17111626964030424,1.2142077294968914,0.058278867588341894,0.5028842542368018,24.218817425878676,31.432047533140146,0.32635325087609257,1.290443824221359,0.8025027013854042,1.4662631183759216,4,0.07076842512660544,0.1415113943914255,0.014352217711556321,0.03523188667759592,0.003940262214882881,0.006847161045952055,0.4361285381598796,0.0,0.40730927011447027,1.9526300702308759,0.0,0.15723049623207935,0.17053514628102606,0.044611560982388304,0.008523368647446503,0.05112353949396827,0.0072123561361979605,0.020108762548284215,0.009017774620397462,0.287346751809438,0.2011590044959251,0.15109641190704534,0.40730927011447027,0.2915394217153404,0.1934794151567896,0.4361285381598796,0.17160167220508193,0.11544932432066217,0.5582922061615392,0.03239662817617459,0.1456766146093984,25.939192635535,31.432047533140146,0.27025308017123173,0.7015590878485864,0.8473144770826038,1.3365545725485273,4
mission_completion,True,True,False,20.01,80.01,101,1,nan,1.25,-1.25,0.5,0.3875,-0.3875,0.56,0.04122340425531915,-0.04122340425531915,0.059574468085106386,7003,7004,7005,0.07291108405365546,0.044207068930931,0.054779768522313095,0.018998373484509692,0.154093352257234,0.016736856239519846,0.009808512086045136,0.009731034246507198,0.009445762009153319,0.041503980585650066,4.527416492287078,1.829571868726235,0.0010780154976648506,0.0007760550374853042,-0.00027409465377789544,-0.0006962241828388713,nan,0.4368815668095406,0.446583628391925,0,0.7972695165849487,0.002129263170924902,True,True,True,True,normal_completion,6.125211333999687,0.06755570858398911,0.14608690644997033,0.020793446342781914,0.05741675374496133,0.026976158918828024,0.0010765259589757305,0.44924174614836987,0.0,0.5819764195642714,5.838670171886794,0.0,0.19369861954836007,0.22372921557003544,0.03973894970815764,0.01178966637024672,0.051438949817436484,0.01274374303519145,0.018401741223499163,0.01144413348145824,0.2980895103036628,0.26392613599345377,0.1563337021222023,0.5819764195642714,0.31102355023248385,0.2543726453410942,0.44924174614836987,0.22391411354591695,0.15586130468410153,1.034633159787022,0.06614411831371297,0.6741124009303662,24.310087325177342,31.66500653876627,0.3356592117889762,1.0783560849427298,0.8082278930101411,1.4497912255793246,4,0.07293563358969794,0.15405759649424045,0.016732262659283497,0.041503980585650066,0.0032295557935800284,0.0010765259589757305,0.4368815668095406,0.0,0.446583628391925,1.935301019832109,0.0,0.1539709726525819,0.17213902413575044,0.04421059306404818,0.009807279813430657,0.05480849482676535,0.009726240507690763,0.01900155264393532,0.009443840423624473,0.2913358143524849,0.2244543572533331,0.14396921331691734,0.446583628391925,0.2854263384427524,0.24855530601383022,0.4368815668095406,0.17121478134103085,0.1344449089774539,0.6001180919001001,0.03805644475329094,0.15119645034688697,26.090099716043778,31.66500653876627,0.2747220369492549,0.8034512386752338,0.8449769231684693,1.3408761651770722,4
mission_completion,True,True,False,20.01,80.01,102,2,nan,1.25,-1.25,0.5,0.3875,-0.3875,0.56,0.04122340425531915,-0.04122340425531915,0.059574468085106386,7006,7007,7008,0.07736660696609647,0.04776314599563839,0.05713696687790823,0.02096761250210898,0.1476058799593468,0.016953623291944518,0.009922468080872514,0.007331495427462265,0.011628376701256672,0.03323710007030118,4.36827287631126,1.5264911210256324,0.005636827054372304,0.00046711199683847904,0.0002868150328521543,0.005610112544347318,nan,0.4330027453578383,0.5149171323628119,0,0.7672781224066912,0.017303839688577266,True,True,True,True,normal_completion,6.17836735399942,0.07565103633772549,0.15204995210121994,0.021011523822746216,0.051295220396195655,0.024701744881013152,0.005628168515215144,0.4369364496852869,0.0,0.5900749453683384,6.053317565099932,0.0,0.19580269429249253,0.2270097783865984,0.041699025142318685,0.011185017813062165,0.05995673871487805,0.013727989986612673,0.019734743064655783,0.01131025202207165,0.2926596486685194,0.2682500927519686,0.1481467404620922,0.5900749453683384,0.28851388779675163,0.2774207623385916,0.4369364496852869,0.19296271725738648,0.1658613918460859,1.0487965205781506,0.06503659308732943,0.4971214863837115,24.222497528050674,31.17440237194657,0.3352581726096392,1.0576917877308014,0.8254235836577418,1.3986472186586771,4,0.0773652931613959,0.14766367222994722,0.016963779967427664,0.03323710007030118,0.0038943648989163003,0.005628168515215144,0.4330027453578383,0.0,0.5149171323628119,2.351641854524285,0.0,0.12959878382004333,0.1431945861929977,0.04777376812237529,0.009927403859861334,0.057127016948938666,0.007331272068793637,0.020965676708704743,0.01163911221871482,0.2926596486685194,0.20376990980375698,0.14547497748247554,0.5149171323628119,0.28851388779675163,0.1854197540186393,0.4330027453578383,0.1863727738041029,0.14586303121800262,0.7950987663378157,0.035366154491463964,0.156643608629146,26.096613692484034,31.17440237194657,0.26795930218089076,0.7820183462251901,0.8472088584916174,1.3381716614453756,4
mission_completion,True,True,False,20.01,80.01,103,3,nan,1.25,-1.25,0.5,0.3875,-0.3875,0.56,0.04122340425531915,-0.04122340425531915,0.059574468085106386,7009,7010,7011,0.07316341788560864,0.03918789530471588,0.05902305688663152,0.01826125225849212,0.14484711289630425,0.015568737012392362,0.009752977703583146,0.008692189706189277,0.008468225090658804,0.03108204231959709,4.574358907147473,1.941532741126842,0.009585323702936278,0.0018636179410348175,9.689711680306579e-05,0.009401913082382779,nan,0.4327003241355953,0.3487287429218393,0,0.7941112002955077,0.02527782356661007,True,True,True,True,normal_completion,6.332578352001292,0.07734618900694144,0.15626630220804122,0.020337556672773306,0.053464882478482294,0.024584670434329645,0.009597227182314457,0.4327003241355953,0.0,0.6694587741437449,5.82370153990048,0.0,0.20530180942043372,0.23388277579513594,0.04210446545263847,0.011343748896726341,0.06219070570734747,0.013115901769764656,0.018492243413582365,0.010625850231965923,0.3032325940846769,0.3338390763412183,0.15264237468016711,0.6694587741437449,0.30481107679297453,0.2987496923749066,0.4327003241355953,0.25544413243839775,0.1801749739135614,1.8197821457583852,0.06954616559298901,0.687854640131365,24.291176501666346,31.53806994840312,0.33326543780921103,1.0475890435144197,0.8198512688298043,1.4163873192641252,4,0.07316573662827745,0.1447692993191355,0.015581277051219531,0.03135299685183711,0.004350212462259538,0.009597227182314457,0.4327003241355953,0.0,0.3487287429218393,1.7570901167395785,0.0,0.16544376802413988,0.18467055784461422,0.0391943765840543,0.009759877470270014,0.05902369823352696,0.008700778174813918,0.018254558537070743,0.008474517417815486,0.29363139750964995,0.2551496525957744,0.1447850270406057,0.3487287429218393,0.28787236969639807,0.2248387327279805,0.4327003241355953,0.1518957975581458,0.12551593927370996,0.638300972779831,0.0294806734921415,0.11505790900497656,26.111962629663783,31.53806994840312,0.2817563098762961,0.7053680640287173,0.8479690087080983,1.33545886000255,4
mission_completion,True,True,False,20.01,80.01,104,4,nan,1.25,-1.25,0.5,0.3875,-0.3875,0.56,0.04122340425531915,-0.04122340425531915,0.059574468085106386,7012,7013,7014,0.07759399887374206,0.048444484419628855,0.056780701421568026,0.021211141803527768,0.16233075972258987,0.014362689259938268,0.008942380459509524,0.0069056457048556445,0.00886750990379696,0.03810535340009766,4.207613404933353,1.738879267362655,0.005461999000391998,-0.0004913841295644331,0.0012686811854305258,0.005289841469007364,nan,0.43866164273275077,0.3760282164883919,0,0.7925536233267524,0.009456915910620006,True,True,True,True,normal_completion,6.3960317189994385,0.07519164854088455,0.15531603323318677,0.01821402517838745,0.047684476801445774,0.019360293778578747,0.005469105721920801,0.43866164273275077,0.0,0.5615201360802313,4.872956270846146,0.0,0.19678060235794978,0.231877648448748,0.04477925428806828,0.012287486256834382,0.057275088497653795,0.01006313017043602,0.01918766878196386,0.008916378517082954,0.29359807022122686,0.3524388156289173,0.1527635520139037,0.5615201360802313,0.30203555314929115,0.3470707903905008,0.43866164273275077,0.22709431621446527,0.1638169365276781,1.3869630281623415,0.05804405000596977,0.4459759408358705,24.25036002972983,30.98474169573416,0.32071189640268905,1.0475343375349342,0.8194424214176391,1.4162861286707569,4,0.07759877317475725,0.16236139132337069,0.014354732453957018,0.03810535340009766,0.0018960219421048864,0.005469105721920801,0.43866164273275077,0.0,0.3760282164883919,2.5593323348335826,0.0,0.14827741075831913,0.16247336162744153,0.048434660433946876,0.008943812555883912,0.05679426430311512,0.006899505956569844,0.021214730946764064,0.008857955652697602,0.2871857338985893,0.26926529788121234,0.14092572419868002,0.3760282164883919,0.30203555314929115,0.23340084011078027,0.43866164273275077,0.13328401738440526,0.12210117825127854,0.48469179911043625,0.03249878470500884,0.10764791754313545,25.96392818395334,30.98474169573416,0.265101649925094,0.648862893908484,0.845886812310599,1.3417891588885063,4
mission_completion,True,True,False,20.01,80.01,105,0,nan,1.25,-0.625,0.5,0.3875,-0.19375,0.56,0.04122340425531915,-0.020611702127659576,0.059574468085106386,7000,7001,7002,0.07098724904938547,0.04484932630923512,0.05121044051839536,0.020130033261748972,0.14186713738363899,0.013117050882411503,0.007930105350196854,0.007022464346355489,0.007736630241307719,0.029915764894128137,4.127904570986949,1.8574636853085948,0.0062489068663503225,0.00032577868370521623,0.0008131248988274033,0.0061872072191312966,nan,0.4051005148773803,0.3366873026185276,0,0.7792652186071292,0.012880693512734279,True,True,True,True,normal_completion,6.150574166998922,0.07520267281317954,0.14845501384063498,0.017875107553331375,0.060827236326593544,0.022962924286497936,0.006256293397092923,0.4091079661008227,0.0,0.4033475453515532,4.3126343467981645,0.0,0.1856709032218761,0.2128540251411941,0.04501534232840258,0.009857928262152933,0.05734154338066983,0.011940430224533217,0.018466411563311892,0.008931228721428224,0.33625704293615755,0.29446116698044,0.19180201971329033,0.4033475453515532,0.2595982698266959,0.40193054503462855,0.4091079661008227,0.18713674037932804,0.15303884422305025,1.0780895168282996,0.05458922603089398,0.5287984992735261,24.21906907138785,31.45220584817277,0.323543207216601,1.2561927980139205,0.8400557664621485,1.365603217618727,4,0.07098901665704921,0.14186993471047507,0.013114386179814346,0.029915764894128137,0.003616933176973555,0.006256293397092923,0.4051005148773803,0.0,0.3366873026185276,1.1247812116919624,0.0,0.15481406414283347,0.1680539578607284,0.04484374464288333,0.007929768908611048,0.05121836060193314,0.007024929725255164,0.0201285516018671,0.007730216832958666,0.32341257959193614,0.18482740659743296,0.18729427078146427,0.3366873026185276,0.2544103843985329,0.2226422305159681,0.4051005148773803,0.18713674037932804,0.09973838826245246,0.41041636361963185,0.027567566121995724,0.0930591736170614,25.94032892619279,31.45220584817277,0.2672817809502513,0.6813232983804025,0.8843936508035796,1.2482959713452826,4
mission_completion,True,True,False,20.01,80.01,106,1,nan,1.25,-0.625,0.5,0.3875,-0.19375,0.56,0.04122340425531915,-0.020611702127659576,0.059574468085106386,7003,7004,7005,0.0730994708496045,0.04447855833680131,0.0548058523165173,0.01901339103453234,0.1542470654809055,0.015917943284365625,0.009227122255200483,0.00966630982094769,0.008648906736536963,0.03716471453885315,4.432968897742202,1.80502010978764,0.0015738853657418935,0.0007563694535552418,-0.000278196947350446,-0.001351897500815033,nan,0.40023112131852356,0.3582511635488464,0,0.7972770161100237,0.0009400181262585762,True,True,True,True,normal_completion,6.11512156200115,0.06776622248416292,0.14602667763727908,0.01920653174169954,0.04952699490969487,0.02730025173602623,0.0015743377468334506,0.4051006868217781,0.0,0.43408141245441995,4.834700734415012,0.0,0.19085327063557808,0.22027104670914388,0.04001742362919718,0.010983666786350954,0.05149831328483287,0.012694905980643606,0.018406261018241717,0.009332164144181249,0.3370746678455882,0.23724057465051082,0.18138473811253444,0.43408141245441995,0.27272162275807643,0.2794519630956774,0.4051006868217781,0.23462915720866329,0.13364236852107725,0.810207691824786,0.06264196266703088,0.6775860566940987,24.310935820866266,31.690151975113583,0.332803489530685,1.0593098760487487,0.8432642832427741,1.357618098545592,4,0.07312385385048405,0.15420998720060874,0.015912728292519246,0.03716471453885315,0.003590680396113332,0.0015743377468334506,0.40023112131852356,0.0,0.3582511635488464,1.287246029307137,0.0,0.15192953847762475,0.16990026215668583,0.04448182950954712,0.009225636925012087,0.05483461005125654,0.009659717219519215,0.01901658186838973,0.00864826041920108,0.331960051720816,0.20191012746680737,0.17973487432788782,0.3582511635488464,0.25605394718667407,0.26902402650781887,0.40023112131852356,0.18875519705376612,0.11585132076864323,0.5756828691715867,0.03315793376056785,0.09809907316497857,26.091280970347537,31.690151975113583,0.27344855451681016,0.8152623225159444,0.8822913992743767,1.253144380206611,4
mission_completion,True,True,False,20.01,80.01,107,2,nan,1.25,-0.625,0.5,0.3875,-0.19375,0.56,0.04122340425531915,-0.020611702127659576,0.059574468085106386,7006,7007,7008,0.07759294265704335,0.04791099482567219,0.05732242658450591,0.020960456470639155,0.14815735699310087,0.01562037288821372,0.00927370560747683,0.007372808672514563,0.010180182992028615,0.03007872233023718,4.253838299277862,1.496253659349687,0.004935373172885988,0.0004467850724282421,0.00028897910079196676,0.00490660600965713,nan,0.39430561001899855,0.38427973434484475,0,0.7671872938975256,0.01487508086036405,True,True,True,True,normal_completion,6.221072774000277,0.0756458350045749,0.151779341649678,0.019782329777391392,0.0479851057194778,0.02505995212433976,0.004927252418243734,0.4028847140968845,0.0,0.40673705633176577,4.617238492049781,0.0,0.19288076268562412,0.22387096870676462,0.041792385143287904,0.010533867822138531,0.0598853400676917,0.013606217740114501,0.019734106074291206,0.009759561411035537,0.3270229875292612,0.2464817975034694,0.1839603177082517,0.40673705633176577,0.2532831032069362,0.32375811224908874,0.4028847140968845,0.20777323180774085,0.1372590224844155,0.7753798309154689,0.06010449059443906,0.514843067292336,24.22225255491921,31.183679055416935,0.3324067527415447,1.064166560501528,0.8619586354069667,1.30708982121421,4,0.07759225280376442,0.14821526883973238,0.015629921688891008,0.03007872233023718,0.0037227487733699476,0.004927252418243734,0.39430561001899855,0.0,0.38427973434484475,1.3088372450969739,0.0,0.1266417551551368,0.14013588408429298,0.04792201043210946,0.009276685026700737,0.057312984662066295,0.007373914789384949,0.020958540035838226,0.010191317264963437,0.3263441686076385,0.17885102722901658,0.1771380997441676,0.38427973434484475,0.2532831032069362,0.21358754198834654,0.39430561001899855,0.19649626048042299,0.12411152619702254,0.5880035388796614,0.02928285931166112,0.11836693513549748,26.097097331156274,31.183679055416935,0.26486198887241574,0.7658072483545655,0.8839972420041192,1.2505850527856375,4
mission_completion,True,True,False,20.01,80.01,108,3,nan,1.25,-0.625,0.5,0.3875,-0.19375,0.56,0.04122340425531915,-0.020611702127659576,0.059574468085106386,7009,7010,7011,0.07314898779143256,0.03913068310518556,0.0590449475100066,0.018255361628115193,0.14447348489960343,0.014749603433704562,0.009186702429071833,0.008469461972337748,0.007837315473448792,0.03189393945412602,4.472543903464646,1.9285634109356022,0.009051381889427113,0.0018370357286554354,9.171637695051804e-05,0.008862527965884881,nan,0.39190526488874683,0.28649084509990047,0,0.7940980785182846,0.026354499132366094,True,True,True,True,normal_completion,6.137002207000478,0.07725339079448952,0.15591276425247877,0.019441228361077787,0.056856986258385055,0.024934780528414854,0.009063240196560513,0.4003212961556366,0.0,0.5591100006449121,4.6971595446169365,0.0,0.20346510990866556,0.23153142413433953,0.04200120025115457,0.010810582381979097,0.06214562501883523,0.012970708186403945,0.01849072355877002,0.009636046797996161,0.3427459877232132,0.30043708250189616,0.18206639730640994,0.5591100006449121,0.2743569323245972,0.33826457011782035,0.4003212961556366,0.2745352109273511,0.16083738253278004,1.2599225213450893,0.0653138618491434,0.6814005498332485,24.290256989560934,31.507298598821368,0.3314490684928932,1.0199759393331478,0.8565400468342342,1.3218705905696966,4,0.07315132618439617,0.1443964105608842,0.014763280110396317,0.03189393945412602,0.004041717463461654,0.009063240196560513,0.39190526488874683,0.0,0.28649084509990047,1.3401285941258754,0.0,0.16442494562270976,0.1837062848524147,0.03913716764712425,0.009195246968043346,0.05904564359330169,0.008479033392577441,0.018248578129531262,0.0078426950433043,0.33150398108342294,0.2290780274574141,0.18029630942923286,0.28649084509990047,0.25218412065837836,0.2585013441211464,0.39190526488874683,0.15871321070189776,0.1178098671584235,0.6660103480611781,0.027989880175794547,0.09276015649093879,26.111267201583715,31.507298598821368,0.27998768072815866,0.6737191740301856,0.8844273393245269,1.248409554743725,4
mission_completion,True,True,False,20.01,80.01,109,4,nan,1.25,-0.625,0.5,0.3875,-0.19375,0.56,0.04122340425531915,-0.020611702127659576,0.059574468085106386,7012,7013,7014,0.07762999292751332,0.04860707939601797,0.05668665691375639,0.021222407084424917,0.16202108422382333,0.013664064486300935,0.008425492582434819,0.006826393905621606,0.008313728361837368,0.0372548388637588,4.140205285238442,1.7142506559458288,0.004859134966721236,-0.0005219572192344188,0.001261262899667933,0.0046634717951353905,nan,0.4049480933372592,0.27210115292532244,0,0.7925490655833344,0.009331286442073485,True,True,True,True,normal_completion,6.191009702000883,0.07530135285328075,0.15509142104007984,0.017452213374818875,0.04584375856715532,0.019677321496374255,0.00486595873566019,0.4049480933372592,0.0,0.43457055838112885,4.0360759848762084,0.0,0.19454258210304362,0.2288802260608327,0.04491683326439706,0.011783864380545342,0.05730939798782667,0.009941222353880657,0.019193872285329393,0.008178776806578423,0.3288143022656923,0.3004660504893489,0.18525461782180447,0.43457055838112885,0.2673307423043795,0.3783336867840498,0.4049480933372592,0.23549771184456372,0.14303783372051873,1.3205988853457455,0.05357045642537585,0.4675173054855483,24.250917858403596,30.98289156725561,0.31833093882850294,1.0409790184983607,0.8557048816720141,1.3243004870634316,4,0.07763425841924405,0.1620519803730391,0.01366127731293912,0.0372548388637588,0.0020051810149490463,0.00486595873566019,0.4049480933372592,0.0,0.27210115292532244,1.2698993636460991,0.0,0.14594117151363192,0.16044496260152233,0.04859673350555881,0.00842683951294259,0.05670002527528411,0.006822507896193164,0.021225991300238643,0.008310972244600298,0.3237732368225743,0.2367673244957082,0.18044475729391887,0.27210115292532244,0.2673307423043795,0.2658382634469164,0.4049480933372592,0.14335039179814543,0.11409136045005316,0.37697579041557105,0.030772047097526636,0.08753803130113551,25.96424114646195,30.98289156725561,0.263442128497459,0.6380464638033676,0.8823815453628798,1.2545792440519108,4
mission_completion,True,True,False,20.01,80.01,110,0,nan,1.25,0.0,0.5,0.3875,0.0,0.56,0.04122340425531915,0.0,0.059574468085106386,7000,7001,7002,0.07103182142302808,0.04488948143509783,0.05123189422579974,0.02014316571935566,0.14194559624349884,0.012760812230122582,0.007738294882796165,0.006929310648825589,0.007412271919688936,0.027701520902395804,4.0863668387214735,1.8448008064568333,0.006068145795156367,0.0003299593854096533,0.0008196284628459991,0.00600347644104203,nan,0.37103631772103063,0.28402104388755595,0,0.779246819812561,0.013543830231744217,True,True,True,True,normal_completion,6.254764736000652,0.07516104742046599,0.1481921107513494,0.01755112380005321,0.05734633949029832,0.0230793785976945,0.006075479365790819,0.3742878567907833,0.0,0.47350481698210023,3.628429241015543,0.0,0.18507234989835208,0.21185772854833615,0.04498851036950652,0.009648739992303736,0.0573055860242495,0.011834939521625825,0.018473949076786032,0.008653205748459463,0.3742878567907833,0.27115911879689775,0.22513853013239885,0.3076507379354785,0.22384924732402492,0.47350481698210023,0.3719833294826648,0.2004668107549827,0.1503034803296078,1.0266786648040096,0.05385465988265133,0.551606275823619,24.218894444808345,31.46287944760884,0.322598606193854,1.2274175626474797,0.8753224009632105,1.277248238462602,4,0.0710337122213517,0.14194837087257295,0.012760683235215226,0.027701520902395804,0.0035194991321353805,0.006075479365790819,0.37103631772103063,0.0,0.28402104388755595,0.8610487740548127,0.0,0.15376191270481207,0.16694301636607206,0.04488405046914083,0.007738025158935756,0.051239853162309196,0.006933705596939372,0.020141691421884593,0.0074082204316658785,0.35858170683927076,0.17291344597906108,0.22116761855711192,0.28402104388755595,0.21929767172221745,0.2714349602887516,0.37103631772103063,0.2004668107549827,0.09555503015010357,0.3632608083082829,0.02577628553348965,0.08072467845804429,25.94057054309568,31.46287944760884,0.2659817140527822,0.6761506502907758,0.9183294450942401,1.17218029074327,4
mission_completion,True,True,False,20.01,80.01,111,1,nan,1.25,0.0,0.5,0.3875,0.0,0.56,0.04122340425531915,0.0,0.059574468085106386,7003,7004,7005,0.07313183196478859,0.04461505405854988,0.054736815318184584,0.019016909493966165,0.15418078411232833,0.01572749459306293,0.009061614239496652,0.009691878454726553,0.008444449394021024,0.03526510912226923,4.418047047187909,1.7963713623863409,0.0017128147550504633,0.0007459271726278985,-0.0002801627887258475,-0.001516191231364726,nan,0.3723473529349266,0.29958528544081536,0,0.7972970023416425,0.002302243768761045,True,True,True,True,normal_completion,6.1903459490004025,0.06782323675153548,0.14601567670096688,0.01880582542931481,0.05148722587083393,0.027403955409738116,0.001713510874670235,0.3800118878407476,0.0,0.3536627841557531,4.082481050903324,0.0,0.19001665339899904,0.21928982227379157,0.040105433645790105,0.010811192944649928,0.05150475485243736,0.01274367566226422,0.018406679850757734,0.008624146787156962,0.3800118878407476,0.2215251416148106,0.21772101961952586,0.3536627841557531,0.23523087521043437,0.32013361975768373,0.3698982693354601,0.24901009168889748,0.12673994386091778,0.6269086511942135,0.062190750297395764,0.6890530294352237,24.311212020044106,31.702864609145532,0.33249763573183855,1.0446202788495906,0.8751691742335123,1.2800982996737291,4,0.07315607674471626,0.15414264331351568,0.015721840867201343,0.03526510912226923,0.0037252613244266363,0.001713510874670235,0.3723473529349266,0.0,0.29958528544081536,1.6418875526466314,0.0,0.15132397539083375,0.1692019514989256,0.0446183533074696,0.00905988969017578,0.05476540260271069,0.009684472082576844,0.019020115419514184,0.008444269035105319,0.3723473529349266,0.1854528241993155,0.21018318589286392,0.296648926470641,0.223439078004536,0.29958528544081536,0.3601970564915485,0.20701898227870663,0.11085131012043993,0.5952891456937408,0.031712056495107804,0.11028270266631726,26.091625676499273,31.702864609145532,0.27344963283961854,0.8314484167652646,0.917657074123232,1.1727325929842032,4
mission_completion,True,True,False,20.01,80.01,112,2,nan,1.25,0.0,0.5,0.3875,0.0,0.56,0.04122340425531915,0.0,0.059574468085106386,7006,7007,7008,0.07760442712344305,0.04793920789148855,0.057316721633664865,0.020954065883818356,0.1481486966163227,0.014988955142530604,0.008902182309288768,0.00746328214780352,0.009472029665243712,0.028026682964425655,4.193440051142385,1.4818289614612383,0.004721085883480043,0.00043486012947829833,0.0002953230434341488,0.004691730265797625,nan,0.3587948421294505,0.3144451181632484,0,0.767241027833689,0.012949915036749035,True,True,True,True,normal_completion,6.184486090998689,0.07564104999785916,0.15159740436983712,0.019374780265282304,0.04870373597905501,0.025166223527362443,0.004713334491833658,0.36756170005208416,0.0,0.39475582095284956,3.834100423285918,0.0,0.19191367911634985,0.2228162803108151,0.04182974444896415,0.010294899530216488,0.05985405813125145,0.013585053882333758,0.019731514116604256,0.009211051243197457,0.36756170005208416,0.2297752424933651,0.21879900369905292,0.3271040271536382,0.21692434821153853,0.39475582095284956,0.3644568452328177,0.22501969426658006,0.13202076962045756,0.7023474253356881,0.05901732457705793,0.5282288530461607,24.22197217943877,31.214654048967713,0.33145196531303944,1.0569707304387965,0.8788962860250458,1.2699657130305901,4,0.07760425706673185,0.14820481788587062,0.014998416467455825,0.028026682964425655,0.003695419763643085,0.004713334491833658,0.3587948421294505,0.0,0.3144451181632484,1.0167892562924523,0.0,0.12541668012365317,0.13890027943848504,0.04795034338207582,0.008903387225055364,0.05730787767610717,0.0074651288527139105,0.020952146445668885,0.00948441055966839,0.35826111534886407,0.15935933200148486,0.2136491461532467,0.3144451181632484,0.21692434821153853,0.24735357638395591,0.3587948421294505,0.2110278203252804,0.11532781388436282,0.4808852658865277,0.027224146763317598,0.09532746648501465,26.09674524147401,31.214654048967713,0.26346523312493725,0.7594061433944502,0.9190427550825142,1.1717626700906445,4
mission_completion,True,True,False,20.01,80.01,113,3,nan,1.25,0.0,0.5,0.3875,0.0,0.56,0.04122340425531915,0.0,0.059574468085106386,7009,7010,7011,0.0730871812827237,0.03908462965472769,0.05900006761622979,0.018251570175927663,0.14428705861312743,0.01468245116206013,0.00905936536739682,0.008431437477788545,0.007900198309184071,0.03239965348113406,4.45605619908014,1.9289381721041792,0.008936488649513068,0.001815703773080414,9.60839003732348e-05,0.008749560964721972,nan,0.3702066371403962,0.30171019624484924,0,0.7940975323413991,0.02683186710485351,True,True,True,True,normal_completion,6.221731859999636,0.07716220496836038,0.15557926313108805,0.01900362856178583,0.054432288278559914,0.025083179960527852,0.008948316449032647,0.3702066371403962,0.0,0.437733669270439,3.945151920884246,0.0,0.20302133372998027,0.23069939296914005,0.04189669015335214,0.010635552635369885,0.06210322457406546,0.012872558682289651,0.018489530207024065,0.009073045333602616,0.3702066371403962,0.27269202120617214,0.21594982173138788,0.437733669270439,0.23487698896094578,0.38874540844782635,0.36293013501776267,0.29333949722438113,0.15370992519016904,1.0376961007705603,0.06390328535860877,0.6787526555749079,24.289684427412734,31.495410264344784,0.3304118933277394,1.0140158111748163,0.8549890273342348,1.338836251099687,4,0.07308949984300893,0.14420967802295886,0.014694519645912086,0.03239965348113406,0.00398447809770283,0.008948316449032647,0.3702066371403962,0.0,0.30171019624484924,1.1887811799819834,0.0,0.16446568318370056,0.18383026819507958,0.039091123608514994,0.009069277007945058,0.05900075864343989,0.00844023911290766,0.018244712160611295,0.00790186597546422,0.3702066371403962,0.20696407990290758,0.21454894658384263,0.24756051694658326,0.2163020814419186,0.30171019624484924,0.35809596414475064,0.17039391379547858,0.11808630103186092,0.7176911724328505,0.028479916826911433,0.1143536034184529,26.110899277157294,31.495410264344784,0.2798176202615539,0.6688692304569586,0.9192349522512081,1.1699303963496965,4
mission_completion,True,True,False,20.01,80.01,114,4,nan,1.25,0.0,0.5,0.3875,0.0,0.56,0.04122340425531915,0.0,0.059574468085106386,7012,7013,7014,0.07756899976489912,0.048625332561276546,0.05658476128102921,0.021229497134909153,0.1617222668388247,0.013631606738606378,0.00842406874087132,0.006747571886797321,0.008326226141391823,0.038650085873392775,4.147839530012704,1.7053757023311746,0.0047237007137301956,-0.0005491579010479461,0.0012553452839524028,0.004520606402980715,nan,0.37297395296163866,0.308959811051878,0,0.7925511268202683,0.009316657734802433,True,True,True,True,normal_completion,6.322172222999143,0.07533409958812423,0.15496560369287918,0.017237541183803624,0.04675536190100607,0.019780467302430403,0.00473041041108443,0.37297395296163866,0.0,0.41551919154678524,3.5579113347542717,0.0,0.19385155449343738,0.22792513630418276,0.04496979738507375,0.0116538414865072,0.05730969112078002,0.0098875679430042,0.01919747867662891,0.007972252181357872,0.36509051701421064,0.2635619316103714,0.2199558683230057,0.3591905417436899,0.2322985060248965,0.41551919154678524,0.37297395296163866,0.2451399661328837,0.13812333001667634,1.3178573932361815,0.0525393388197744,0.4948997466144611,24.251320832500884,30.980666149405014,0.3174882099277269,1.0359977215673026,0.8709127389026847,1.2896057470264217,4,0.07757299141673855,0.1617522772620904,0.013631223464793514,0.038650085873392775,0.002103578474287592,0.00473041041108443,0.37297395296163866,0.0,0.308959811051878,1.1469721347409778,0.0,0.14511296830898865,0.15977627498511615,0.04861477821908815,0.008425498384221618,0.056597955623339746,0.006745372259969827,0.021233081625348933,0.008325934373933402,0.3589480678182428,0.21114694582379606,0.2199558683230057,0.21982903029881115,0.2322985060248965,0.308959811051878,0.37297395296163866,0.15380620991705776,0.11576519888325762,0.39199540561374135,0.031339653941666656,0.10256267841515397,25.964206926477857,30.980666149405014,0.2634692975448622,0.6553363087115048,0.918207338294365,1.1731426423335942,4
mission_completion,True,True,False,20.01,80.01,115,0,nan,1.25,0.625,0.5,0.3875,0.19375,0.56,0.04122340425531915,0.020611702127659576,0.059574468085106386,7000,7001,7002,0.07098224476279733,0.044859211387682965,0.05118486247635055,0.020155398247564467,0.14190844228342891,0.01301199224203911,0.007929964580332996,0.007034586309805693,0.007546005520236824,0.028719916327579118,4.126610956342604,1.837440285318193,0.006240890013835905,0.00033716848921611087,0.0008290904827627475,0.0061763771376162485,nan,0.3943382636629289,0.3379580704158604,0,0.7792318878189949,0.015246779255127928,True,True,True,True,normal_completion,6.22615685099845,0.075010313682392,0.14792358809937528,0.017836368705800017,0.05649128467596774,0.02304276212870933,0.006248190235676184,0.4150416158969116,0.0,0.5751058304633585,3.2238946635312584,0.0,0.1854402760194441,0.21247016161907473,0.04490243017485596,0.009784255612925055,0.057173276095287946,0.011876871591519714,0.01848067703454086,0.00901910815484207,0.4150416158969116,0.25407698169653603,0.25913958828711414,0.2599367283716681,0.18680139002948756,0.5751058304633585,0.33285193538330965,0.21737881967520217,0.16196181795371742,1.036793816648526,0.05550630850538093,0.5719332649014633,24.218528818352578,31.477368458498542,0.3231909814782166,1.2231690985491026,0.8615227206878167,1.3076430688202263,4,0.07098427118906758,0.14191187981560793,0.013014021516432042,0.028719916327579118,0.0035710261314616763,0.006248190235676184,0.3943382636629289,0.0,0.3379580704158604,1.2874132478631835,0.0,0.15320216363948638,0.16645872047820653,0.04485398553565803,0.00792978344431565,0.05119282740543527,0.007041615856995965,0.020153936589346163,0.007543138383916642,0.3943382636629289,0.16129588935763925,0.25239066731889254,0.24870267587347783,0.18506016018742277,0.3379580704158604,0.33133066187484417,0.21737881967520217,0.09856997369082236,0.37791802169516586,0.02578320394802868,0.09445728281986321,25.940731308662603,31.477368458498542,0.26605747298272364,0.6843410080471686,0.8824008880618319,1.2535967348960753,4
mission_completion,True,True,False,20.01,80.01,116,1,nan,1.25,0.625,0.5,0.3875,0.19375,0.56,0.04122340425531915,0.020611702127659576,0.059574468085106386,7003,7004,7005,0.0729822143010059,0.044630513848923054,0.05452427019869578,0.019016434922420455,0.15383177320604519,0.016134236984848536,0.009207109715310002,0.009832506580315262,0.008880571384857799,0.03636070009279686,4.461992371994078,1.7998241614962203,0.001498784348651568,0.0007365184548504614,-0.00028200462586469577,-0.0012745071519683626,nan,0.4093137068383516,0.34880355807429986,0,0.7973316162928312,0.0033385039364604396,True,True,True,True,normal_completion,6.3025043359994015,0.06776917185955846,0.14600332302705776,0.019203889981752188,0.05311373030563783,0.027316351836290505,0.0014990555361561774,0.42126331378098153,0.0,0.3783698749619618,3.5440714747776902,0.0,0.19059841568201827,0.22012198114244527,0.04006740166386313,0.011112193623971364,0.05146440243615362,0.012897942931344403,0.018403240484399806,0.008885471930876559,0.42126331378098153,0.21140895405285606,0.2527589705935583,0.3065644341781355,0.20000838254078623,0.3783698749619618,0.3366517209519524,0.26863726030703416,0.12934673493150906,0.6427618979624299,0.06318703623113262,0.6982848279943465,24.311093981402546,31.700397337942753,0.3340131367191225,1.044661448422432,0.8417798027179482,1.3626083401325635,4,0.07300634826505474,0.15379250189639307,0.01612798223072678,0.03636070009279686,0.0036364655914722364,0.0014990555361561774,0.4093137068383516,0.0,0.34880355807429986,2.3700940026623947,0.0,0.1517767493147385,0.16958493223986215,0.044633952353568755,0.00920536381817459,0.05455263216558204,0.009824629098629667,0.01901966109331388,0.008879738221594154,0.4093137068383516,0.1726836978076489,0.2440418006889532,0.2538364535074148,0.18739808205595573,0.34880355807429986,0.32412141034233366,0.23031815907441106,0.11417781462918779,0.6427618979624299,0.03193518459801996,0.13794690283672856,26.091417072062605,31.700397337942753,0.2745807615733204,0.8480830628120289,0.8824598282451895,1.2539903641086774,4
mission_completion,True,True,False,20.01,80.01,117,2,nan,1.25,0.625,0.5,0.3875,0.19375,0.56,0.04122340425531915,0.020611702127659576,0.059574468085106386,7006,7007,7008,0.07752658752801396,0.04787048091628679,0.05727113248071189,0.02094770190161625,0.14798785582735483,0.015032914755349102,0.008921403746270424,0.0075621445350766625,0.009445160203418245,0.02815411454663102,4.202064533659214,1.480259185042248,0.004908175966748456,0.00042228093100742103,0.00029870934250176076,0.004880844482728047,nan,0.3914154268433354,0.2923077694059075,0,0.7673296549664995,0.012201595484815664,True,True,True,True,normal_completion,6.327015445000143,0.0756113954837435,0.15155205693394208,0.019659837106883675,0.04997340152480142,0.025102239712544484,0.004900938942252187,0.40487907657515665,0.0,0.5110611100109187,3.315904839403494,0.0,0.19249882735182053,0.2234341113259818,0.04176476922911625,0.010470522375464357,0.059863081674521076,0.013622742279948453,0.019728117767981564,0.009555011723080483,0.40487907657515665,0.21623554231758457,0.2527979561987047,0.28738199103716827,0.1834966673459738,0.5110611100109187,0.3239625427578609,0.2486828422275956,0.14069090809211426,0.8039790961240101,0.05975631509222998,0.5333697147681501,24.221645898235376,31.237473437766564,0.33202139021739885,1.0519803040719706,0.8469208510291181,1.3486218418359102,4,0.07752686800389633,0.14804239171024527,0.015042540118315443,0.02815411454663102,0.0037083286996400754,0.004900938942252187,0.3914154268433354,0.0,0.2923077694059075,1.3449718535267683,0.0,0.1254704071145007,0.13895684021571314,0.047881815498624636,0.008922031342219423,0.05726274111300472,0.007564048653096181,0.020945774926562948,0.00945835809816787,0.3914154268433354,0.14808131076733738,0.2527979561987047,0.27560706186455597,0.17934783810081656,0.2923077694059075,0.3236561853645569,0.23493919079399528,0.11376804014245857,0.4460693002911711,0.02722878855072147,0.09839483180233641,26.09642250968843,31.237473437766564,0.26348976829954224,0.755407830088365,0.8831016938517062,1.2530287364660049,4
mission_completion,True,True,False,20.01,80.01,118,3,nan,1.25,0.625,0.5,0.3875,0.19375,0.56,0.04122340425531915,0.020611702127659576,0.059574468085106386,7009,7010,7011,0.07296469901296646,0.03896209765354811,0.058930641990644655,0.018247785702891144,0.1440702298959214,0.015025989226261218,0.009215886377973615,0.008380173465937875,0.008403599417915462,0.03449620050981175,4.477256649973979,1.937303897806833,0.0092173983439216,0.0017964789883959248,0.00010597144552313906,0.009040014686244394,nan,0.4080869517300119,0.36665061879054056,0,0.7941200881114594,0.027617624520467187,True,True,True,True,normal_completion,6.18884484299997,0.07704692729410016,0.15531432916557789,0.01921577607518143,0.05714786364588333,0.025041983715969676,0.00922928011427087,0.4080869517300119,0.0,0.4555647815882645,3.409584776467016,0.0,0.20391194316283645,0.23168415979119522,0.04175475872873599,0.010835588784341373,0.062056662177771005,0.012856267178092665,0.01848620589308164,0.009303357464575236,0.4080869517300119,0.24783026848033943,0.2514524487219298,0.3713593398480887,0.19448668724049625,0.4555647815882645,0.3285965084415139,0.32072023866541816,0.15898339074080295,0.9476483049934359,0.06482068639471221,0.6726396789073555,24.28903282124126,31.503017096666586,0.33081713313642175,1.015944775899814,0.8271836617790363,1.4067638520213086,4,0.07296693785835885,0.14399220916774094,0.01503618574977626,0.03449620050981175,0.004125702134576461,0.00922928011427087,0.4080869517300119,0.0,0.36665061879054056,1.6426384644042287,0.0,0.1651401104475365,0.18460275669986762,0.03896860978467933,0.00922732275787016,0.05893124719991284,0.008387745334884582,0.018240876495874924,0.008401733441438622,0.4080869517300119,0.18718957535901562,0.2514524487219298,0.22038601942796265,0.1783439100375363,0.36665061879054056,0.3227186574920073,0.1868857916598456,0.12549146963497051,0.8044650766910166,0.03073711227040574,0.1593978870486085,26.11059322222106,31.503017096666586,0.2802414832839437,0.679858904152409,0.8834931832291946,1.2509733179795486,4
mission_completion,True,True,False,20.01,80.01,119,4,nan,1.25,0.625,0.5,0.3875,0.19375,0.56,0.04122340425531915,0.020611702127659576,0.059574468085106386,7012,7013,7014,0.07742583845877644,0.04851103609144633,0.05648586422935568,0.021231744644322918,0.1614283984089185,0.014076217433096573,0.008778506866120953,0.006781164098462001,0.008665652190978434,0.04095582125335047,4.211941566591774,1.7097102769548453,0.004997068417032883,-0.0005753404292978895,0.0012491605523276793,0.004804089306979134,nan,0.39365438585559376,0.36975293479229004,0,0.7925609212757069,0.009256102979346589,True,True,True,True,normal_completion,6.17671309599973,0.07524720065802705,0.15477139679172103,0.017518724636971805,0.04818737313657606,0.019706671795050923,0.00500388207306672,0.3981325606606021,0.0,0.47218034209453763,3.224862854721021,0.0,0.19452604404118326,0.228666169417429,0.044934710661569795,0.011824692524755397,0.057222279883112015,0.009923994082952385,0.019199574724696033,0.008282312541951236,0.3981325606606021,0.23781935479255828,0.25816368255595323,0.315139048884057,0.1988712166839779,0.47218034209453763,0.33905589686762283,0.2733825268503808,0.1452575287361882,1.3486987996709274,0.053622082160887596,0.5255849812799764,24.251287695873447,30.981833913314546,0.3179644518982483,1.0357822553402034,0.8385405950141112,1.371106046059838,4,0.07742954132463806,0.16145735200467634,0.014076600122543177,0.04095582125335047,0.0020816343516801717,0.00500388207306672,0.39365438585559376,0.0,0.36975293479229004,1.7743632222182795,0.0,0.1453770298207747,0.16015793971219972,0.048500369739838664,0.008779966279100986,0.05649874863066212,0.006779885229122556,0.02123533395103616,0.008665795948887669,0.39365438585559376,0.19225227479742643,0.25724057641869275,0.19304522790509482,0.1988712166839779,0.36975293479229004,0.33905589686762283,0.17001008162755785,0.12910611365398736,0.45619749690106914,0.03404813394943243,0.13265470953736794,25.963764922060776,30.981833913314546,0.2648399711228302,0.6738961112104915,0.883364213995379,1.2513331327269854,4
mission_completion,True,True,False,20.01,80.01,120,0,nan,1.25,1.25,0.5,0.3875,0.3875,0.56,0.04122340425531915,0.04122340425531915,0.059574468085106386,7000,7001,7002,0.07090521426069674,0.04475063028556138,0.05116849291352376,0.020167196913775012,0.14188330156158466,0.014099624551628992,0.008474397963744053,0.007301412783782423,0.008583318880818128,0.03329021786016069,4.242457997018044,1.8313194796113548,0.006912052655256819,0.0003495969378325067,0.000842119361229833,0.006851648624348949,nan,0.42855310414079567,0.43791742854786214,0,0.7792471026393507,0.01713863818510076,True,True,True,True,normal_completion,6.0962651379995805,0.07496762952249672,0.1481101310378433,0.01881621687885078,0.0593070903052844,0.022747954805829418,0.006919212515929205,0.4523834936168867,0.0,0.660312223856371,3.1401201695990957,0.0,0.18675135279795743,0.21501759554877664,0.044888532711718616,0.01031497057669143,0.05712569509918762,0.012018665682880326,0.018488376528130904,0.010158891417723385,0.4523834936168867,0.24876209700001237,0.29922837403807573,0.23834340254812328,0.15844470811482078,0.660312223856371,0.29697396635580625,0.24484797006823217,0.20043352441599954,1.3873613960519076,0.06298304559117654,0.588894934105883,24.218618635579254,31.498939529062064,0.3256042312284118,1.2768072870382086,0.8265709796941897,1.3953863098443144,4,0.07090729357513169,0.14188631838998358,0.014103627669388602,0.03329021786016069,0.0038891109310606707,0.006919212515929205,0.42855310414079567,0.0,0.43791742854786214,2.487281959348839,0.0,0.15287079094080583,0.1664174111397472,0.04474565959596619,0.008474446139816637,0.051176290779392584,0.007310033397069028,0.020165750458013873,0.008582510576388829,0.42855310414079567,0.15203746654759875,0.29154001701324495,0.22879960231272167,0.15157439994889274,0.43791742854786214,0.29048051097913596,0.24484797006823217,0.11034860009096084,0.5844380985971895,0.02836659815574649,0.1268783108547975,25.94094011144939,31.498939529062064,0.267317502833073,0.7078908832473676,0.8459174989231841,1.3409492312283429,4
mission_completion,True,True,False,20.01,80.01,121,1,nan,1.25,1.25,0.5,0.3875,0.3875,0.56,0.04122340425531915,0.04122340425531915,0.059574468085106386,7003,7004,7005,0.0724651529473412,0.04445886204595593,0.0539712163383679,0.019018827098885492,0.15285804063809275,0.017615873941930104,0.009814627174167057,0.010042331110435477,0.01063690246446081,0.041991973887053946,4.586451971872885,1.822908192825217,0.0009223754269082596,0.0007271035798389475,-0.000283999054921491,-0.0004913668173099212,nan,0.4461683748332808,0.4139213957891196,0,0.797414555187542,0.0035253328448614433,True,True,True,True,normal_completion,6.126939286999914,0.06758310459509619,0.14598064441444478,0.02068193980980831,0.05565839147870582,0.027010501428958313,0.0009202628854432037,0.45797346754155355,0.0,0.4823508335445081,3.5041811689126354,0.0,0.19305620999009176,0.22336670951368132,0.03980928478315346,0.012020114592883931,0.05142193166149612,0.013124058365770288,0.018397875311185256,0.010536535079537652,0.45797346754155355,0.20472914246006557,0.2911580541500867,0.2732790737772617,0.1674571155305573,0.4823508335445081,0.30142275953641023,0.29252473890455344,0.1456819663676144,0.8183356137863314,0.0667887102621885,0.7009128232181384,24.310337885069625,31.674793766246886,0.3378170444479481,1.0345478780263864,0.8067860022088942,1.45512725806479,4,0.07248844277197342,0.1528163533957875,0.01760957679579549,0.041991973887053946,0.0033347111168122393,0.0009202628854432037,0.4461683748332808,0.0,0.4139213957891196,3.5041811689126354,0.0,0.15405814595657552,0.17188292644562758,0.04446243338731357,0.009812610394387536,0.05399839039403172,0.010033774163197269,0.019022097351189003,0.010636411435109662,0.4461683748332808,0.1602228952683347,0.28337863895157456,0.2248293971600232,0.14926489205771493,0.4139213957891196,0.2925848554639815,0.26280559586821706,0.13027976861806098,0.7625934857571224,0.03513641159447247,0.17154364104227093,26.089918968915157,31.674793766246886,0.27709110294582245,0.8425697757661557,0.8457660840462582,1.342164173891595,4
mission_completion,True,True,False,20.01,80.01,122,2,nan,1.25,1.25,0.5,0.3875,0.3875,0.56,0.04122340425531915,0.04122340425531915,0.059574468085106386,7006,7007,7008,0.07729033033078765,0.04766958704167586,0.05712214816174614,0.020939575528312028,0.147665791206136,0.01592603200955266,0.009282384863828081,0.007684134612420201,0.010412967975907655,0.033504639526324,4.276380278099646,1.4961679352266535,0.0055945222432788955,0.0004048275395233253,0.0002975098232027504,0.005571919031974862,nan,0.4253871714471857,0.37033314024091685,0,0.767372630190184,0.012585419949818438,True,True,True,True,normal_completion,6.094994375998795,0.07560639095208767,0.15201716929979128,0.021148437054038127,0.05214052285633776,0.02484895511469001,0.00558776600630427,0.4476392286482877,0.0,0.6782979857888634,3.1552227534392085,0.0,0.19515835424191832,0.22637017924108543,0.0416590192886124,0.01100374290927769,0.059932713193416,0.013712209504096658,0.01972111442050584,0.011753694837407305,0.4476392286482877,0.218824756867625,0.295771196888278,0.2772929555865375,0.1554488321629791,0.6782979857888634,0.29036854543373947,0.2774438541628298,0.1720760405963957,1.7659839587317965,0.06498363187592546,0.5329957196141023,24.221626561390824,31.237274284744906,0.3347882854965704,1.0566701097252431,0.8129053974758583,1.4373612085212606,4,0.0772909198496363,0.1477208664286961,0.015935249150773666,0.033504639526324,0.0038357905495627247,0.00558776600630427,0.4253871714471857,0.0,0.37033314024091685,2.409408777811077,0.0,0.1273179159009134,0.14053179405207988,0.04768114079017519,0.009284118604870075,0.05711400582376092,0.007685183526450467,0.02093765609885211,0.01042474274947409,0.4253871714471857,0.14461288632526856,0.295771196888278,0.24494434696991293,0.13725538710632632,0.37033314024091685,0.29036854543373947,0.26955045124729854,0.12318020891386676,0.47738376303128405,0.03001377524082172,0.10231193183466065,26.095881813964525,31.237274284744906,0.2651475213549714,0.7524846633312261,0.846545517127391,1.3406374393836566,4
mission_completion,True,True,False,20.01,80.01,123,3,nan,1.25,1.25,0.5,0.3875,0.3875,0.56,0.04122340425531915,0.04122340425531915,0.059574468085106386,7009,7010,7011,0.07272285519632841,0.03860688142113672,0.058865844484673024,0.018246499060004102,0.14376573237926973,0.015671348211749467,0.009619545752200476,0.00821957679167064,0.009246299349526458,0.036342506341434336,4.522126575914094,1.954725036074913,0.010025190917507674,0.0017789255230615392,0.00011102203075875894,0.009865472671117426,nan,0.4450418824391115,0.47916543427576885,0,0.7941805272048775,0.028676901187478038,True,True,True,True,normal_completion,6.122383590000027,0.07684602216459015,0.15506584492636763,0.02031907047047771,0.06549914768895664,0.024775997643422316,0.010036989877339881,0.4450418824391115,0.0,0.5798045492451116,4.619587650706437,0.0,0.20674908564969424,0.23534981552811315,0.041464407840535455,0.011498886950605344,0.062004572589557466,0.012952439169548318,0.01847828409081106,0.010624243184367905,0.4450418824391115,0.22835374997032046,0.28995123961396574,0.33343853954538033,0.1602495857723558,0.5798045492451116,0.29242237505551844,0.36193971846233247,0.18648390464622447,1.1523949355886367,0.07009493932882761,0.6521156682154513,24.28767798730161,31.52952095122444,0.33312927807849707,1.0278734926710054,0.7917336743563147,1.5006138251458743,4,0.07272480980127523,0.1436876586512307,0.01567720836129674,0.036342506341434336,0.00458564338706779,0.010036989877339881,0.4450418824391115,0.0,0.47916543427576885,3.357413399970022,0.0,0.16665455411119218,0.18619662818849966,0.038613091329937246,0.00963245523151049,0.058866329563617134,0.008225848371803133,0.01823958284295993,0.009237212067532193,0.4450418824391115,0.1706161623027964,0.28995123961396574,0.19931147843207672,0.14978249101982732,0.47916543427576885,0.2903443985426492,0.20640859033564476,0.14713543305269638,0.9611076913484169,0.03635981262511132,0.22366061382430127,26.109639610182697,31.52952095122444,0.2806820978876523,0.6905884963139345,0.8468022153109648,1.338701580321736,4
mission_completion,True,True,False,20.01,80.01,124,4,nan,1.25,1.25,0.5,0.3875,0.3875,0.56,0.04122340425531915,0.04122340425531915,0.059574468085106386,7012,7013,7014,0.07710665610742841,0.04820884834932392,0.05630764294727477,0.021231879394517393,0.16110879994191454,0.015150444994104026,0.009378985235177073,0.006871535313476195,0.009713527778997262,0.044273620419295126,4.30865713055548,1.7322180944568417,0.005789617848627212,-0.0006022671132218244,0.0012419413452975925,0.005622680041787426,nan,0.4397212702324685,0.49042492939679827,0,0.7925977522597772,0.009764545248965098,True,True,True,True,normal_completion,6.120046103000277,0.07496558709703134,0.15447639060802965,0.01851544255114699,0.053689914155962463,0.019482132054322945,0.005796645813766919,0.4397212702324685,0.0,0.5429805727457253,3.992651353811761,0.0,0.19714469778043092,0.23146652343743834,0.04476143311212366,0.012288119719725541,0.056987297473145994,0.010048317309567404,0.019201595799793306,0.009531791325074467,0.4397212702324685,0.2174862665567264,0.29983432588972203,0.28832649280748657,0.16684239572699147,0.5429805727457253,0.3012262781410602,0.313263389250282,0.1724878681978914,1.4188772750141396,0.05883164015577798,0.5626681717076137,24.25038784317243,30.983226208150022,0.32026312238946864,1.043959821163615,0.8039931611532507,1.4635132905761958,4,0.07710962367431058,0.16113696078038317,0.015151662216335229,0.044273620419295126,0.0020783863670277565,0.005796645813766919,0.4397212702324685,0.0,0.49042492939679827,3.0355314163003153,0.0,0.14728609806180026,0.1620638880613653,0.04819780975609884,0.009380414250246586,0.056319795017582955,0.006870818372236309,0.021235486504578613,0.009714553582508636,0.4397212702324685,0.18119873103910122,0.29104622319617085,0.1713789740245411,0.16639410233838106,0.49042492939679827,0.3012262781410602,0.19365771448315128,0.16510558928165087,0.6417530218731926,0.042904460173654645,0.19526250223524544,25.962343303456453,30.983226208150022,0.2675671568457302,0.7066125998596138,0.8466895743278181,1.3391267496953232,4
