variant,trial_id,replicate_id,com_scale,payload_mass,payload_pos_x,payload_pos_y,payload_pos_z,true_com_x,true_com_y,true_com_z,measurement_seed,torque_seed,force_seed,position_rms,position_rms_x,position_rms_y,position_rms_z,velocity_rms,attitude_rms,attitude_rms_x,attitude_rms_y,attitude_rms_z,peak_attitude,angular_acc_command_rms,mean_dob_norm,final_com_error,final_com_error_x,final_com_error_y,final_com_error_z,moce_convergence_time,max_motor_utilization,max_servo_angle,saturation_time,terminal_altitude_m,terminal_tilt_rad,terminal_airborne,numerical_success,flight_success,success,failure_reason,runtime_s,motor_1_max_utilization,motor_2_max_utilization,motor_3_max_utilization,motor_4_max_utilization,motor_1_saturation_fraction,motor_2_saturation_fraction,motor_3_saturation_fraction,motor_4_saturation_fraction,servo_1_max_abs_angle_rad,servo_2_max_abs_angle_rad,servo_3_max_abs_angle_rad,servo_4_max_abs_angle_rad,servo_1_max_abs_rate_rad_s,servo_2_max_abs_rate_rad_s,servo_3_max_abs_rate_rad_s,servo_4_max_abs_rate_rad_s,servo_1_angle_contact_fraction,servo_2_angle_contact_fraction,servo_3_angle_contact_fraction,servo_4_angle_contact_fraction,motor_saturation_fraction,servo_angle_contact_fraction,servo_rate_limit_contact_fraction,servo_rate_limit_implemented,max_servo_rate_rad_s,allocation_a1_condition_max,allocation_a1_min_singular_min,allocation_a1_max_singular_max,allocation_a2_condition_max,allocation_a2_min_singular_min,allocation_a2_max_singular_max,allocation_rank_min,allocation_force_residual_max_n,allocation_torque_residual_max_nm,realized_force_residual_max_n,realized_torque_residual_max_nm,loss_event_time_s
baseline,0,0,1.2,0.5,0.372,0.372,0.672,0.03957446808510638,0.03957446808510638,0.07148936170212766,7000,7001,7002,0.08571030557195591,0.04863837502711544,0.0675529902393502,0.020424457537031124,0.16775516640638277,0.017419185729996213,0.010090611534658891,0.009528413197398061,0.010526962158778871,0.03724871679592043,4.630264204011338,2.061118095240766,0.00814361772732077,0.0006507991661299922,-2.397354423414738e-05,0.008117536289002622,nan,0.43159554482440043,0.4654068554059176,0,0.7947962575185958,0.011334626122934332,True,True,True,True,normal_completion,6.247585562999916,0.4710145790756775,0.33973482892130563,0.22051311821181188,0.32475322704587256,0.0,0.0,0.0,0.0,0.26602668941869506,0.6312905204985003,0.6808225664627569,0.5614111721000672,1.655366394808817,3.070843307585235,8.999148364149228,3.1738868242283558,0.0,0.0,0.0,0.0,0.0,0.0,nan,False,8.999148364149228,1.4200265824130953,0.8183879936583667,1.1621327057226003,inf,0.0,1.072251488919915,3,3.243789091050994,1.1063296485593734,47.09973699854308,4.780383909728659,nan
baseline,1,1,1.2,0.5,0.372,0.372,0.672,0.03957446808510638,0.03957446808510638,0.07148936170212766,7003,7004,7005,0.077482367650961,0.048321673482067805,0.0567088039488114,0.021275448841008897,0.1562160677161333,0.014042396808413475,0.008849896559113684,0.006610888901132718,0.008669739728204605,0.03514015590787645,4.081722524861762,1.5629383155778844,0.0004868945621600981,-0.0004551717754854717,7.29639882418448e-05,0.00015672021529566926,nan,0.42886628652483716,0.3557567298438614,0,0.7879926396768904,0.009565054976013258,True,True,True,True,normal_completion,6.0654848949999405,0.4520013018381863,0.32714214862917934,0.2216983683367706,0.30738981004312904,0.0,0.0,0.0,0.0,0.19702881784992435,0.6314058447419401,0.6672413528965342,0.5686263679645371,1.11982654681092,3.1049828346988813,6.126662560259974,3.1470279996229564,0.0,0.0,0.0,0.0,0.0,0.0,nan,False,6.126662560259974,1.5248955223020086,0.7841949141353796,1.1958153131770484,1.1530548867429875,0.9311648904168792,1.073684227258681,4,1.7872498845139901,0.7542097116803963,46.96757682529356,4.738542717274483,nan
baseline,2,2,1.2,0.5,0.372,0.372,0.672,0.03957446808510638,0.03957446808510638,0.07148936170212766,7006,7007,7008,0.07316693708814082,0.048456672362016326,0.050593680789664405,0.021109975144791213,0.1474152890245829,0.017674118226115376,0.009351059733838754,0.00688807355114793,0.013322408929276244,0.03572648873008462,4.242244080090413,1.252161617394118,0.007127580850940893,0.00028354653046883116,0.0006089175466233096,0.007095860030551099,nan,0.4306491269024282,0.38265766265982154,0,0.7875149615115581,0.008741095366856608,True,True,True,True,normal_completion,6.2099937570000066,0.46454840741035675,0.31246629005358934,0.22124408751171945,0.3098771970552426,0.0,0.0,0.0,0.0,0.19707417672448987,0.6584462325331253,0.6811580108758215,0.6011687114740514,1.4320597933252828,2.8985902063046707,5.280342323256701,2.689932257214375,0.0,0.0,0.0,0.0,0.0,0.0,nan,False,5.280342323256701,1.4554193979664884,0.8078156184770102,1.1757105211117367,1.1474401317225074,0.933456176596632,1.0710850782312276,4,3.4033492049532423,0.7329152515850028,47.01180364130385,4.823029070626493,nan
baseline,3,3,1.2,0.5,0.372,0.372,0.672,0.03957446808510638,0.03957446808510638,0.07148936170212766,7009,7010,7011,0.07254872579802345,0.04402338099791708,0.05368517617715801,0.021051398985733293,0.14472828932134035,0.017558834462119564,0.009624294437994556,0.009092501992471155,0.011533084225644634,0.03548438633442054,4.434315521872667,1.7357082807663593,0.013468447495085214,-0.000863315035363868,0.00019164953247964578,0.013439383748307887,nan,0.4236387556483162,0.40756550821259535,0,0.7816959864194463,0.011413130609433535,True,True,True,True,normal_completion,6.11024772899998,0.45818290388424826,0.33226279224122385,0.22349322392824245,0.32246800491853234,0.0,0.0,0.0,0.0,0.2412302597992458,0.6079369048233244,0.6747827792831109,0.5323666217276136,1.3443929639668957,3.112172775756938,7.755118158650734,3.051121797729494,0.0,0.0,0.0,0.0,0.0,0.0,nan,False,7.755118158650734,1.3912556309791408,0.8295479100138616,1.1541132009737627,inf,0.0,1.0714415716658698,3,2.413286396683508,1.5485538933447602,46.791909046266454,4.705053921200184,nan
baseline,4,4,1.2,0.5,0.372,0.372,0.672,0.03957446808510638,0.03957446808510638,0.07148936170212766,7012,7013,7014,0.0768417414418746,0.052411003709839275,0.052470754712524624,0.020113672410705996,0.15734099644880353,0.01440826674135398,0.008554538908240993,0.0056166700373826515,0.010142535789858796,0.030357922376080253,3.899088368919818,1.3793688635821222,0.004859680721217916,-0.00046068807861879973,0.00023568154285368015,0.004832051056927453,nan,0.42145883609639223,0.4699865438481237,0,0.801684839473606,0.0030284030494761908,True,True,True,True,normal_completion,6.080946874000006,0.4687426669392725,0.3193948408045738,0.22267009168069404,0.31617563114637204,0.0,0.0,0.0,0.0,0.20836349181963734,0.6855924567550489,0.6708579089125678,0.6708061102206846,1.0161515435643316,3.0153892186108204,5.769619224654556,3.0528460492095824,0.0,0.0,0.0,0.0,0.0,0.0,nan,False,5.769619224654556,1.4170184673044097,0.8205057182188624,1.1626717552449963,inf,0.0,1.071371253218369,3,4.5620470761184935,0.7785018208347996,47.10007933283031,4.764156828862291,nan
baseline,5,0,1.22,0.5,0.3782,0.3782,0.6832,0.04023404255319149,0.04023404255319149,0.0726808510638298,7000,7001,7002,0.08567885616472219,0.048621964741654304,0.06752412379579208,0.02042703218695819,0.1677179626489521,0.017723016897297914,0.010216694161278196,0.009637907430624147,0.010809034587581418,0.03817046284457885,4.660939482282352,2.067139620241344,0.008220940783377508,0.0006467311469495612,-2.6227109379647895e-05,0.008195420570422149,nan,0.435114398960694,0.4770699416476088,0,0.7948051149703549,0.01156651160359157,True,True,True,True,normal_completion,6.046513508000089,0.47233431467359294,0.3384562481886051,0.21989169437637263,0.32447660960644514,0.0,0.0,0.0,0.0,0.26949094728960804,0.6449509250218315,0.679717890143838,0.5738144924130666,1.794348222219,3.0398266337674267,8.089944575662267,3.160726161766961,0.0,0.0,0.0,0.0,0.0,0.0,nan,False,8.089944575662267,1.4279531452945784,0.8153971362334865,1.1644274748329013,inf,0.0,1.0734875318772235,3,3.3527600496312018,0.9804273542260374,47.099728856311614,4.877341513518134,nan
baseline,6,1,1.22,0.5,0.3782,0.3782,0.6832,0.04023404255319149,0.04023404255319149,0.0726808510638298,7003,7004,7005,0.07746653126173907,0.048293071358270795,0.05671140381122356,0.021275793810603117,0.15625366291874412,0.014194945029766502,0.00895973315081635,0.006656862583452265,0.008769596730140305,0.03589984673081615,4.098097760262326,1.5677580057732092,0.0005133305007650978,-0.00045267835082280633,7.329847813263707e-05,0.00023068993652851366,nan,0.4315490358860725,0.361660630006162,0,0.7879940966877763,0.00974884424228926,True,True,True,True,normal_completion,6.0724511280000115,0.4543212733820641,0.3271966898565396,0.22105640247249803,0.30889271504053156,0.0,0.0,0.0,0.0,0.1968007770813533,0.6494617682902999,0.6702744993911367,0.5870246936336196,1.1011717327078703,3.086479634703781,6.6316327452942,3.1463509838563284,0.0,0.0,0.0,0.0,0.0,0.0,nan,False,6.6316327452942,1.534889690714495,0.7808279071292705,1.1984847048748926,inf,0.0,1.0749304460749811,3,1.845352743309121,0.9642549933828124,46.967568655010794,4.699365108778751,nan
baseline,7,2,1.22,0.5,0.3782,0.3782,0.6832,0.04023404255319149,0.04023404255319149,0.0726808510638298,7006,7007,7008,0.07302340418689245,0.048392472434134935,0.050448213943140634,0.021108384132871524,0.1473493053253359,0.018028875956996124,0.009432698852287622,0.007027087451291148,0.013663257392975869,0.037236457269451365,4.267093142872373,1.2631449189287518,0.007210352652141091,0.0002806032717139195,0.0006108682035603427,0.007178947500157698,nan,0.43379788906223404,0.38828508305237036,0,0.787517581344274,0.00878644625151829,True,True,True,True,normal_completion,6.0817240809999475,0.46561949073328696,0.3309353305751138,0.22061682652747244,0.33028633928499745,0.0,0.0,0.0,0.0,0.43177885488999557,0.6864472938811501,0.6868642106379462,0.6622393320543412,1.4134026475752313,2.92016464472448,7.110468569088472,2.6830632767046274,0.0,0.0,0.0,0.0,0.0,0.0,nan,False,7.110468569088472,1.463076595148772,0.80511118286758,1.1779393281460993,inf,0.0,1.0722767517189968,3,6.490132575902701,1.4426141665311318,47.011795482035225,5.006119028567468,nan
baseline,8,3,1.22,0.5,0.3782,0.3782,0.6832,0.04023404255319149,0.04023404255319149,0.0726808510638298,7009,7010,7011,0.07250712287420219,0.04398300129243663,0.05366192011424325,0.021051764639971337,0.14470231398587025,0.017867733138446005,0.00967351947658342,0.009174078960773943,0.011896015453267015,0.036184993461231385,4.450558948563975,1.743203109880604,0.013576634832065554,-0.000864758161419725,0.00018701351464661675,0.013547775929312278,nan,0.42418626992693137,0.41636929934620315,0,0.7816905181271131,0.011378464745193233,True,True,True,True,normal_completion,6.186341290999962,0.4707291477497087,0.3368365688273063,0.22045396882685675,0.3350999051889845,0.0,0.0,0.0,0.0,0.24701405782372587,0.6262352622233087,0.6794918480812919,0.5521322603042268,1.3720897123211404,3.1428028626258593,9.044947454315311,3.060339384883123,0.0,0.0,0.0,0.0,0.0,0.0,nan,False,9.044947454315311,1.3982781273785618,0.8269328485891384,1.1562821149930402,inf,0.0,1.072717473003002,3,3.0865880737165776,1.3629515204299643,46.79190087584875,4.7225625703519,nan
baseline,9,4,1.22,0.5,0.3782,0.3782,0.6832,0.04023404255319149,0.04023404255319149,0.0726808510638298,7012,7013,7014,0.07682658341599657,0.0524091023345662,0.052450018932286596,0.020114806135352787,0.15734943544017915,0.0145755715313946,0.008623767944237604,0.005683685871713992,0.01028463061186056,0.031091521642988264,3.9149570029552643,1.3849224459812666,0.004938148372143746,-0.0004596635366985874,0.00023297755858590202,0.004911185216984901,nan,0.42347178007921066,0.47956490927262707,0,0.8017028331464476,0.0030575096857822313,True,True,True,True,normal_completion,6.174178447000031,0.4928335014392528,0.362983474336275,0.2220306917175595,0.3639160815786285,0.0,0.0,0.0,0.0,0.21126015100008338,0.6862681202892316,0.6767751169479503,0.6845317195143255,0.9661345819258971,3.2920297693475966,8.32252102632552,3.1459501983442757,0.0,0.0,0.0,0.0,0.0,0.0,nan,False,8.32252102632552,1.4239193348128742,0.8179926795610883,1.1647555921624255,inf,0.0,1.0725696706369032,3,10.55474350950088,1.336582113315823,47.10007114691146,4.8393424217568874,nan
baseline,10,0,1.24,0.5,0.3844,0.3844,0.6944,0.0408936170212766,0.0408936170212766,0.07387234042553192,7000,7001,7002,0.08564406705550609,0.04860614381992173,0.06749054264543734,0.020429773816406073,0.16768185846411168,0.018050462025389364,0.010348092534213192,0.009752465278316509,0.01111870411642547,0.03917879422519771,4.693277903208919,2.073475757119053,0.008308047965991251,0.0006426607571207929,-2.9140984825502814e-05,0.00828310322038013,nan,0.4387192211272222,0.48936472977321777,0,0.7948147496748467,0.01182803356357939,True,True,True,True,normal_completion,6.11520262199997,0.47377372982108396,0.3384079459198865,0.2194383650237199,0.32520250915062837,0.0,0.0,0.0,0.0,0.27308699896068755,0.6870544372409038,0.6829886334280633,0.6705611009149387,1.7893521787299809,3.0100704967923666,8.94292989398527,3.1481129183572873,0.0,0.0,0.0,0.0,0.0,0.0,nan,False,8.94292989398527,1.4361531762596285,0.8123654462580806,1.1667694069645431,inf,0.0,1.0747259464574521,3,5.540393617307299,1.155609106986536,47.099720714081016,5.277307490556858,nan
baseline,11,1,1.24,0.5,0.3844,0.3844,0.6944,0.0408936170212766,0.0408936170212766,0.07387234042553192,7003,7004,7005,0.07744878691021485,0.04826048796946325,0.056714814834422686,0.021276035183048318,0.15629244001054257,0.014363482860235324,0.00908184786904891,0.006703751795079954,0.008881969997117035,0.03668325189200338,4.1164741231327024,1.5729724793007467,0.0005536904896266985,-0.0004500954902974946,7.369096431045219e-05,0.00031393765256163,nan,0.4342352261059002,0.3679328740712717,0,0.7879940962114464,0.009924160994814682,True,True,True,True,normal_completion,6.057568691000029,0.45657267863126416,0.3228670969162512,0.22042035711202665,0.306951975077376,0.0,0.0,0.0,0.0,0.1963125036417266,0.6553436417654177,0.6665947521899597,0.6023502615358571,1.0842844735272954,3.0661232276686308,6.330663747006722,3.144925437694549,0.0,0.0,0.0,0.0,0.0,0.0,nan,False,6.330663747006722,1.5451679436566235,0.7773479344661222,1.201266836855521,inf,0.0,1.0761809283309303,3,1.8811845140986634,0.7693845089816705,46.96756048472887,4.804326539798113,nan
baseline,12,2,1.24,0.5,0.3844,0.3844,0.6944,0.0408936170212766,0.0408936170212766,0.07387234042553192,7006,7007,7008,2.0011193534069482,0.10721439250573346,1.888858883748323,0.6520704393733154,0.36670662524949055,3.146029229549491,3.1415114120126004,0.0007067898884584624,0.16853919966105724,3.1488094802736843,69.44107016091887,0.0,0.09381736782766485,-0.0408936170212766,-0.0408936170212766,-0.07387234042553192,nan,0.0,0.0006601878622051419,0,0.05008814637232015,3.1410301598252404,False,True,False,False,loss_of_flight,7.316552809999962,0.42248789084605853,0.406361651634879,0.28032168089942416,0.3854928261399948,0.0,0.0,0.0,0.0,0.6981935570155713,0.6885738180440008,0.692711887731847,0.6878811838555636,9.23129858535477,12.405217371532599,10.104177432023036,9.845873081622905,0.0,0.0,0.0,0.0,0.0,0.0,nan,False,12.405217371532599,1.3136763561291955,0.8548546902105224,1.1292443726889245,inf,0.0,1.0000000000000004,0,107.81092450687777,6.206832136130566,107.81092450687777,5.97660629314544,-11.28
baseline,13,3,1.24,0.5,0.3844,0.3844,0.6944,0.0408936170212766,0.0408936170212766,0.07387234042553192,7009,7010,7011,0.07245304484337535,0.043947092140025124,0.05361817127846956,0.021052042852535764,0.1446508137038186,0.018182309143403963,0.00971687260739358,0.009242100956780104,0.012278530955398544,0.0368643347166774,4.465371062645053,1.7499048900494651,0.013822179490212137,-0.000864586749472547,0.00017439246365079375,0.013794010398752762,nan,0.42471770983328655,0.4255721071790341,0,0.7816831298533216,0.01135680613020171,True,True,True,True,normal_completion,6.0767201970001,0.5060872149240676,0.3652163791113638,0.221361114644647,0.38135868265023265,0.0,0.0,0.0,0.0,0.268682119127452,0.6854679933542192,0.680518233919866,0.6830530125000916,1.9836653340379595,4.1709670223182265,8.719022702349335,4.500836009965944,0.0,0.0,0.0,0.0,0.0,0.0,nan,False,8.719022702349335,1.4466210969684596,0.80938984279753,1.170880422262892,inf,0.0,1.0752814983468886,3,8.386625226795902,3.2675876561778674,46.7918927054319,5.051130626131061,nan
baseline,14,4,1.24,0.5,0.3844,0.3844,0.6944,0.0408936170212766,0.0408936170212766,0.07387234042553192,7012,7013,7014,0.7513642638362268,0.10636398693602223,0.3578396853171098,0.6520626648301378,0.36682640593845395,3.9936755774277795,3.1415168938298006,0.0006905557743457279,2.4658296264457804,3.996879705386358,69.4411039246542,0.0,0.09381736782766485,-0.0408936170212766,-0.0408936170212766,-0.07387234042553192,nan,0.0,0.0007057533389461816,0,0.05031777809472267,3.1398768792851444,False,True,False,False,loss_of_flight,7.164884396999923,0.5651056239937031,0.384377643798901,0.28423963109893163,0.4142999616650651,0.0,0.0,0.0,0.0,0.690086176101911,0.687091139468172,0.6971522540696661,0.7060388104450299,9.980480252190103,11.321248450538643,10.467513945944702,14.671969583790528,0.0,0.0,0.0,0.0002894736842105249,0.0,0.0002894736842105249,nan,False,14.671969583790528,1.3077144503294724,0.8640338113805667,1.1345751420457795,inf,0.0,1.0000000000000004,0,108.62780491200216,9.092969785999584,108.62780491200216,6.399040466231779,-5.2574999999999985
baseline,15,0,1.25,0.5,0.3875,0.3875,0.7000000000000001,0.04122340425531915,0.04122340425531915,0.07446808510638299,7000,7001,7002,0.08562017045590753,0.048598350997595026,0.06746539002222737,0.02043122655060042,0.16766470967850228,0.018221522680821174,0.010416756928640915,0.009811087959204582,0.011280851783178558,0.03971628363427917,4.710125015571712,2.076770261650318,0.008355914679243313,0.000640637255045394,-3.089669217757468e-05,0.008331262775153253,nan,0.44053978341946987,0.4956130425576237,0,0.7948197613061816,0.01197148432126273,True,True,True,True,normal_completion,6.120629910999924,0.4798160882368599,0.34055144651463665,0.21921301194558565,0.33171187081713327,0.0,0.0,0.0,0.0,0.3066107531677122,0.688121961320895,0.6842534571226283,0.6875249369316266,2.5820719112279598,2.995822044842833,8.656574440453292,3.1424462264642345,0.0,0.0,0.0,0.0,0.0,0.0,nan,False,8.656574440453292,1.4403877973826893,0.8108271173834378,1.167964851242504,inf,0.0,1.0753457325710434,3,11.171300260695697,2.36989126260832,47.09971664296603,5.3890180998808175,nan
baseline,16,1,1.25,0.5,0.3875,0.3875,0.7000000000000001,0.04122340425531915,0.04122340425531915,0.07446808510638299,7003,7004,7005,0.07743886887010511,0.04824207790584584,0.05671690450066938,0.021276115131047386,0.15631239582310538,0.014454660486908279,0.009147688649906895,0.006727777473108429,0.008943937188312883,0.037083497140571436,4.12648981930686,1.5757445106913592,0.0005798702293896627,-0.0004487708444401578,7.391359255780328e-05,0.0003597095952961038,nan,0.4355757347349495,0.37123399102692617,0,0.7879935292748893,0.010010900413408142,True,True,True,True,normal_completion,6.271112625000114,0.4576800315257135,0.31301482166294864,0.2201046109054332,0.3095424489172834,0.0,0.0,0.0,0.0,0.1959735975111106,0.6624286540953181,0.6508895799425052,0.610318024653891,1.0749682219138732,3.055289612028639,6.812172536665127,3.143910452753058,0.0,0.0,0.0,0.0,0.0,0.0,nan,False,6.812172536665127,1.5512571426257449,0.7753245165268746,1.2027384692988865,inf,0.0,1.076808284894033,3,2.5608442722973734,0.7738604871862613,46.967556399588226,4.85231574657741,nan
baseline,17,2,1.25,0.5,0.3875,0.3875,0.7000000000000001,0.04122340425531915,0.04122340425531915,0.07446808510638299,7006,7007,7008,1.781210910815309,0.1469336161395027,1.6507636631951899,0.6527650032975646,0.3666661740216082,3.1439810434696716,3.1415116314783393,0.0007079627208059226,0.12458318414505182,3.146855794878993,69.36259312753722,0.0,0.09457395950369442,-0.04122340425531915,-0.04122340425531915,-0.07446808510638299,nan,0.0,0.0006334209676030073,0,0.049548746315937836,3.141126009597696,False,True,False,False,loss_of_flight,7.471963530000039,0.42725364513490205,0.3690118486860996,0.23950993225052847,0.36868158426120057,0.0,0.0,0.0,0.0,0.6314503427046683,0.6893504621905546,0.7026996973895245,0.6892047587862881,7.605272520787499,9.991606012893273,10.20566089906366,9.754041388563936,0.0,0.0,0.00015789473684211128,0.0,0.0,0.00015789473684211128,nan,False,10.20566089906366,1.3143381038854307,0.854523974543152,1.1301529421597416,inf,0.0,1.0000000000000004,0,105.04114529513699,5.661252701692567,105.04114529513699,5.661252701692567,-11.4825
baseline,18,3,1.25,0.5,0.3875,0.3875,0.7000000000000001,0.04122340425531915,0.04122340425531915,0.07446808510638299,7009,7010,7011,0.9603977220703771,0.6534793235024953,0.26312406576997205,0.6527589787397565,0.3669184136222248,4.1536176088067265,3.1415101607474067,0.0006943354057470783,2.7172509394622364,4.156273603147007,69.4411314724216,0.0,0.09457395950369442,-0.04122340425531915,-0.04122340425531915,-0.07446808510638299,nan,0.0,0.0006000933626645438,0,0.04905462634222087,3.1400417063134465,False,True,False,False,loss_of_flight,7.458931285000062,0.516042436685841,0.40768135586039206,0.40183535358497996,0.4064249273010875,0.0,0.0,0.0,0.0,0.7198571190721585,0.6882463708450965,0.701778344722234,0.7037508486013048,11.007323568285338,17.367669650970647,10.351587000371417,8.34169701441256,0.0009210526315789513,0.0,0.000999999999999988,0.0011578947368421088,0.0,0.0030789473684210483,nan,False,17.367669650970647,1.3195850521192052,0.8452764159734742,1.1335949599933595,inf,0.0,1.0000000000000004,0,108.62780491200216,12.415948303207966,108.62780491200216,9.476222747859447,-6.885
baseline,19,4,1.25,0.5,0.3875,0.3875,0.7000000000000001,0.04122340425531915,0.04122340425531915,0.07446808510638299,7012,7013,7014,1.1790727013941464,0.2945188044302387,0.9366771569182145,0.6527687283544482,0.3668030205056746,3.141534941134958,3.1415264376799312,0.0006895412001356659,0.0072768305440498076,3.1444393036124505,52.22556378594734,0.0,0.09457395950369442,-0.04122340425531915,-0.04122340425531915,-0.07446808510638299,nan,0.0,0.0006394524126745974,0,0.049514888844840205,3.139842221770402,False,True,False,False,loss_of_flight,7.204434975999902,0.5097672294916218,0.40816166780298646,0.22321095728571919,0.3917912460262468,0.0,0.0,0.0,0.0,0.7015514797271521,0.6885247843295654,0.7303766411317274,0.6869492372876288,9.085594483617752,10.857212096427503,9.486614347388565,6.288483804865716,0.0004999999999999754,0.0,0.0016842105263158286,0.0,0.0,0.002184210526315804,nan,False,10.857212096427503,1.3162944899343678,0.8563798582100932,1.1393164395671338,inf,0.0,1.0000000000000004,0,108.62780491200216,6.280979135559677,108.62783801693077,6.3930346891959,-8.79
baseline,20,0,1.26,0.5,0.3906,0.3906,0.7056000000000001,0.0415531914893617,0.0415531914893617,0.07506382978723405,7000,7001,7002,0.08557674226759925,0.048590723492630786,0.06741530627731343,0.02043274056835817,0.16764835922570778,0.018397529774739522,0.010487901715719266,0.009870479423091104,0.011447561110217908,0.0402760677104487,4.7274884809276685,2.080161371428728,0.00840693847001239,0.000638630136247105,-3.2875104275673084e-05,0.008382582252216206,nan,0.4423662909390842,0.5012427129240308,0,0.794824840644726,0.012124293323365953,True,True,True,True,normal_completion,6.438840205999895,0.48203925427254923,0.34862608248314914,0.2189885588086999,0.3562896086541587,0.0,0.0,0.0,0.0,0.4079975759773679,0.6885858498476956,0.6847458587347848,0.6882336888568507,2.077756983088444,2.982230013873142,9.942563965177463,3.1373026586106283,0.0,0.0,0.0,0.0,0.0,0.0,nan,False,9.942563965177463,1.444692302329708,0.8092720900481148,1.1691793441858742,inf,0.0,1.0759658701847707,3,16.313908654252465,1.5888280264662027,47.09971257185127,5.438307488606425,nan
baseline,21,1,1.26,0.5,0.3906,0.3906,0.7056000000000001,0.0415531914893617,0.0415531914893617,0.07506382978723405,7003,7004,7005,0.07742692787978638,0.04822159422005909,0.05671800148063682,0.021276167883810357,0.1563327950405522,0.014550951859868218,0.009216775567858316,0.006752317754968603,0.009010408042695256,0.037489469967858874,4.137094382952152,1.5786327886619433,0.0006105600154352353,-0.0004474236171157081,7.415133764213794e-05,0.0004087752664010541,nan,0.4369123184892664,0.37466115329034155,0,0.787992585603805,0.01009838839556466,True,True,True,True,normal_completion,6.2522579009998935,0.4711895031575156,0.32926938634371017,0.2197904105880938,0.3062873265370698,0.0,0.0,0.0,0.0,0.19557214359659122,0.671996782308971,0.5531174189308193,0.6275257477857967,1.0656814292719536,3.04397166202462,6.531043540769922,3.1427211843710534,0.0,0.0,0.0,0.0,0.0,0.0,nan,False,6.531043540769922,1.5575028331297596,0.7732579567395823,1.2043514583620285,1.1611884830229267,0.9278758015142519,1.0774386943940164,4,3.8924863250053363,0.778715438060614,46.967552314447815,4.918179530579721,nan
baseline,22,2,1.26,0.5,0.3906,0.3906,0.7056000000000001,0.0415531914893617,0.0415531914893617,0.07506382978723405,7006,7007,7008,1.6625150039138639,0.1990618745287322,1.515679972860906,0.6534865937539843,0.3666261128054124,3.1435318591138635,3.1415185917720296,0.0007044428553882097,0.1124855127329819,3.1464891645333375,68.29358096039337,0.0,0.09533055117972396,-0.0415531914893617,-0.0415531914893617,-0.07506382978723405,nan,0.0,0.0006747480422057599,0,0.04898607858228493,3.1411806877155652,False,True,False,False,loss_of_flight,7.494139066999878,0.43258649402163046,0.3077310077909586,0.21937984534873,0.32125303790254867,0.0,0.0,0.0,0.0,0.5989502288620805,0.701854132640953,0.7029468095000351,0.6953808270561275,7.8103889076460495,9.4998548780622,10.609821351508964,10.106911197535918,0.0,0.0002368421052631669,0.00021052631578948793,0.0,0.0,0.0002631578947368459,nan,False,10.609821351508964,1.3162701133980916,0.8542618144288084,1.1307520290466795,inf,0.0,1.0000000000000007,0,106.82569549976569,5.660957696154162,106.82569549976569,7.189845823304354,-11.657499999999999
baseline,23,3,1.26,0.5,0.3906,0.3906,0.7056000000000001,0.0415531914893617,0.0415531914893617,0.07506382978723405,7009,7010,7011,0.8129442479570119,0.1369354374720419,0.46376272497747195,0.6534915234126623,0.3669113298588348,3.670968346378922,3.1415148199112277,0.0006939776213966808,1.8991821278616836,3.6739640993927676,69.44112580422554,0.0,0.09533055117972396,-0.0415531914893617,-0.0415531914893617,-0.07506382978723405,nan,0.0,0.0006157066588803153,0,0.04846918383279385,3.1397137143326965,False,True,False,False,loss_of_flight,7.624877358000049,0.5086869620457509,0.41344636055091,0.2213154156051292,0.44281423212302407,0.0,0.0,0.0,0.0,0.6961749795198369,0.720413530471054,0.5716243473634727,0.7015838110370909,9.358089959711089,10.819248690958997,10.59113563218691,9.81110840143584,0.0,0.00042105263157895715,0.0,0.0002894736842105249,0.0,0.000710526315789482,nan,False,10.819248690958997,1.3112001038766523,0.8615103525587655,1.1342840603489783,inf,0.0,1.0000000000000004,0,105.74335442292698,9.074098394643748,105.74335442292698,7.357100982738048,-9.594999999999999
baseline,24,4,1.26,0.5,0.3906,0.3906,0.7056000000000001,0.0415531914893617,0.0415531914893617,0.07506382978723405,7012,7013,7014,0.8793505557462477,0.4064530699331142,0.42544904153819096,0.6534878842697975,0.36681116760999694,3.6941716372129947,3.1415025164423054,0.0006935717276640411,1.9436732089869946,3.697088517602814,69.4411038482728,0.0,0.09533055117972396,-0.0415531914893617,-0.0415531914893617,-0.07506382978723405,nan,0.0,0.0006955533709237613,0,0.04880336756371122,3.1398467671478545,False,True,False,False,loss_of_flight,7.387889611999981,0.510205439221249,0.37886533027336555,0.2207643479914274,0.4345645911699795,0.0,0.0,0.0,0.0,0.692917835157375,0.7152926570891357,0.5311353287932455,0.7088001321256603,11.812809875784144,17.882624690039343,10.42112947094471,9.638721885125632,0.0,0.0002368421052631482,0.0,0.0013157894736842294,0.0,0.0015526315789473777,nan,False,17.882624690039343,1.3089786039931934,0.863353902829062,1.1347507707109397,inf,0.0,1.0000000000000004,0,108.62780491200216,9.356133677463017,108.62780491200216,7.466756242967585,-9.8125
residual_torque_off,0,0,1.2,0.5,0.372,0.372,0.672,0.03957446808510638,0.03957446808510638,0.07148936170212766,7000,7001,7002,0.08554896835657126,0.04814002344004288,0.06773206845728029,0.020335462437919862,0.1682407370480507,0.005098049716462139,0.0028932498002971854,0.0037204369879707128,0.0019435959258908197,0.013348466689249617,2.965502331243643,0.7135102148990577,0.002826824990425496,3.7290932111209985e-05,0.00021416388516128787,0.002818453963287143,nan,0.4192335133877447,0.4173564967339785,0,0.7947993810264139,0.0021834351989428475,True,True,True,True,normal_completion,6.285234940999999,0.4588464176666796,0.3278682289512258,0.22115478073003647,0.32680824031514016,0.0,0.0,0.0,0.0,0.2774605273500711,0.6561957366094089,0.6789134730145592,0.5757221348625349,1.4229324641974455,2.701271554129595,8.620475233271762,2.7902009319848906,0.0,0.0,0.0,0.0,0.0,0.0,nan,False,8.620475233271762,1.402115948399741,0.8246482972944725,1.156252529457271,inf,0.0,1.0713166481754453,3,3.027835621279816,0.947025324372843,47.09973699854308,4.90111717759482,nan
residual_torque_off,1,1,1.2,0.5,0.372,0.372,0.672,0.03957446808510638,0.03957446808510638,0.07148936170212766,7003,7004,7005,0.07709823398857933,0.04913216394330271,0.05548480906991243,0.02125097910406756,0.15375346939975829,0.003572046426978485,0.0019971765407028707,0.002703291997560462,0.0012095511223927232,0.008455452193857415,2.8342988244327314,0.5381040067930083,0.003108153394682012,2.1095960566888672e-05,8.280472387578452e-05,0.0031069785746002387,nan,0.4161052971296999,0.34177905407419656,0,0.788117245409447,0.000469569641758442,True,True,True,True,normal_completion,6.223674636000169,0.44956641554216,0.3240132930276517,0.2221957441401618,0.31380852999310993,0.0,0.0,0.0,0.0,0.21562406988652089,0.6504515119188764,0.6718438615506486,0.5907845769077691,1.1640118434237803,3.0484362108518916,5.660845556774342,3.123817113552851,0.0,0.0,0.0,0.0,0.0,0.0,nan,False,5.660845556774342,1.5434736588417968,0.7785701877046564,1.2017195179511144,1.1469934991227588,0.9336385880976398,1.070877391078144,4,2.5731826495648065,0.7554291368581523,46.96757682529356,4.764552692315333,nan
residual_torque_off,2,2,1.2,0.5,0.372,0.372,0.672,0.03957446808510638,0.03957446808510638,0.07148936170212766,7006,7007,7008,0.07379533899956116,0.04945068954060736,0.050544374304861084,0.02111036684069502,0.14790891015708454,0.003865323087895818,0.0018232335586765742,0.0032076143977882703,0.0011522811460044512,0.009361220571278299,2.8497835512068868,0.5595297060553849,0.00292370131723997,1.3785229556952106e-05,0.00029482706829070393,0.0029087654356582116,nan,0.4247182035099519,0.41003007377853956,0,0.7874087520650876,0.002039465156339293,True,True,True,True,normal_completion,6.271057359999986,0.4522452056498183,0.3178828707662226,0.2201205151386117,0.3062933741250971,0.0,0.0,0.0,0.0,0.2250521713345947,0.6058827895638749,0.6302301837145912,0.549299010909247,1.1402686523851724,2.7720525655888415,5.602453594309962,2.8565937694226022,0.0,0.0,0.0,0.0,0.0,0.0,nan,False,5.602453594309962,1.447681658107057,0.8103414282205674,1.173116422439192,1.1491049873237047,0.9327756142168594,1.071857110350525,4,2.324073161698692,0.5974164214907087,47.01180364130385,4.785244968410559,nan
residual_torque_off,3,3,1.2,0.5,0.372,0.372,0.672,0.03957446808510638,0.03957446808510638,0.07148936170212766,7009,7010,7011,0.07355632802766691,0.04549817941076386,0.05381359738524579,0.021084254781195102,0.14531882581247302,0.0026946307210216945,0.0013543354568572863,0.00205527037385252,0.0010966648910844133,0.007046259741807761,2.8153333396101616,0.3899087425774226,0.004456052234437537,-6.283285830352425e-05,0.0002558654397695273,0.004448256560123834,nan,0.4140390374989022,0.37812314505427863,0,0.7815174699807678,0.0027754942795001304,True,True,True,True,normal_completion,6.222197424999877,0.4503186796880065,0.3318825727092333,0.21150747638712933,0.3180936885260237,0.0,0.0,0.0,0.0,0.2479422482025298,0.5795618486648914,0.6772897907794773,0.527676350987377,0.9502065692298357,3.1613433264580935,6.507575935045436,3.156092901423641,0.0,0.0,0.0,0.0,0.0,0.0,nan,False,6.507575935045436,1.4286001041743666,0.8160619315582213,1.1658261604368096,1.151037356467815,0.9319835014645422,1.0727478257973646,4,2.6899987435871173,0.638745716909304,46.791909046266454,4.691188326069712,nan
residual_torque_off,4,4,1.2,0.5,0.372,0.372,0.672,0.03957446808510638,0.03957446808510638,0.07148936170212766,7012,7013,7014,0.07584933312410888,0.05067328832020691,0.05274798426771076,0.020074594438806506,0.1544242087138191,0.004271485398107987,0.002050508524572835,0.0034278340345429326,0.0015135904758331912,0.008990970339513932,2.8769430351502137,0.676338120240361,0.0030140847492760225,5.401397629576504e-05,2.5970683522960614e-05,0.003013488823569846,nan,0.4174961716388382,0.4194817479873673,0,0.8014391355556607,0.0018769998819276102,True,True,True,True,normal_completion,6.216615562000015,0.44700294213343944,0.32680788823979157,0.22388652482987306,0.3316021510681583,0.0,0.0,0.0,0.0,0.2102035153183581,0.6835972067501641,0.6790807667896178,0.6318321348181405,2.3319647409026594,2.653495114800176,7.859441152945622,2.7643638831603528,0.0,0.0,0.0,0.0,0.0,0.0,nan,False,7.859441152945622,1.4017189578319804,0.8248835997926651,1.1562549798340669,inf,0.0,1.0704946511183937,3,3.518964522752711,1.7359413372509598,47.10007933283031,4.731063455238584,nan
residual_torque_off,5,0,1.22,0.5,0.3782,0.3782,0.6832,0.04023404255319149,0.04023404255319149,0.0726808510638298,7000,7001,7002,0.0855209714763897,0.04811509879995957,0.0677144408139375,0.020335396111001748,0.1682166623695593,0.005194961710136352,0.0029395720563561447,0.0037492012148926694,0.0020712396156698757,0.013631529998781656,2.9706278339940333,0.7185633886784492,0.002880648743311544,3.7971826630962824e-05,0.0002120756809775859,0.0028725805869048437,nan,0.4216273286218636,0.42302784329135046,0,0.794801249010942,0.002239993069533841,True,True,True,True,normal_completion,6.180969168999809,0.4626289609513411,0.33147834810479393,0.22066907496682955,0.33144459069694493,0.0,0.0,0.0,0.0,0.317471848924022,0.685675538638743,0.6841587390014654,0.6397620863414556,1.4881982210577507,2.6817798234890904,9.697778989451681,2.785713448389066,0.0,0.0,0.0,0.0,0.0,0.0,nan,False,9.697778989451681,1.4103510407272748,0.8215885491295051,1.1587282653144093,inf,0.0,1.0725724127626517,3,5.399091668067576,1.7085517781034196,47.099728856311614,5.016342872172085,nan
residual_torque_off,6,1,1.22,0.5,0.3782,0.3782,0.6832,0.04023404255319149,0.04023404255319149,0.0726808510638298,7003,7004,7005,0.07708144195237487,0.04911328221764343,0.05547825154465703,0.021250830779412016,0.1537268870984988,0.0036013573593452895,0.0020046485914644225,0.002710807135548793,0.0012659713773652223,0.008447127373039121,2.834968242741962,0.5387108736589299,0.003161708133348952,2.2466974170021192e-05,8.2130669597065e-05,0.0031605613597378707,nan,0.41867868958570137,0.3469243160082739,0,0.7881178810916457,0.0004869690288266628,True,True,True,True,normal_completion,6.232153934000053,0.4584079706837565,0.3289671204483558,0.22155428935963,0.3280398282807273,0.0,0.0,0.0,0.0,0.2189838237829678,0.6729648083043419,0.6788111300419729,0.606726353234025,1.6540353692494418,3.0371094721686585,7.459674709355048,3.119530985138586,0.0,0.0,0.0,0.0,0.0,0.0,nan,False,7.459674709355048,1.554957717919385,0.7747960261291795,1.2047750606428371,1.149690208059739,0.9325366675064243,1.0721282752887966,4,2.676188942489115,0.7623984254280867,46.967568655010794,4.751704891448797,nan
residual_torque_off,7,2,1.22,0.5,0.3782,0.3782,0.6832,0.04023404255319149,0.04023404255319149,0.0726808510638298,7006,7007,7008,0.07377256023154874,0.04942246358808313,0.05053888810513971,0.021109986383184894,0.14787103248415917,0.003911237481625437,0.0018441822128794497,0.003228206698063505,0.001214681899901631,0.00941580687238612,2.8519049639234946,0.5624437418840673,0.0029683159556913793,1.2838566118063277e-05,0.0002954187361627614,0.0029535508382887293,nan,0.4272002863181396,0.4171937515656142,0,0.787408148630754,0.0020992149675270145,True,True,True,True,normal_completion,6.328378603999909,0.4569171495219222,0.3174904337749575,0.21945600897968429,0.30824957762838806,0.0,0.0,0.0,0.0,0.22992250354731852,0.6234992989603633,0.6490850490515486,0.5640845180758025,1.1237407461033915,2.7728928333331893,6.002519943150147,2.8463607345605326,0.0,0.0,0.0,0.0,0.0,0.0,nan,False,6.002519943150147,1.456087827244497,0.80735724761404,1.175583060488425,1.1517034275679778,0.9317165331391204,1.0730611247380784,4,2.3807684722386284,0.5945195381480488,47.011795482035225,4.827023053480329,nan
residual_torque_off,8,3,1.22,0.5,0.3782,0.3782,0.6832,0.04023404255319149,0.04023404255319149,0.0726808510638298,7009,7010,7011,0.07353705297698163,0.045476781020771,0.053805402407915724,0.021084098753574986,0.14529148771126135,0.0027141029754323416,0.0013585025356830812,0.002059589318892994,0.0011308924172065203,0.0070990135561864905,2.815650242848041,0.3894540464780174,0.004522425096525664,-6.362073518176303e-05,0.00025557721788702775,0.004514749322103856,nan,0.4166115789444448,0.38369438783414844,0,0.781516117001708,0.002806233325250457,True,True,True,True,normal_completion,6.230220475999886,0.4536706401495924,0.33284465280250286,0.21087526567248427,0.31845940393274136,0.0,0.0,0.0,0.0,0.25273269516651914,0.5974269882702289,0.6785356066005259,0.5434257391700442,1.3085549234733451,3.170738778230639,6.512898676546505,3.1528935725958918,0.0,0.0,0.0,0.0,0.0,0.0,nan,False,6.512898676546505,1.438237226881983,0.8126273523144584,1.1687509096811948,inf,0.0,1.0739984217382075,3,3.0041128247089377,0.7877661933397466,46.79190087584875,4.764351208639892,nan
residual_torque_off,9,4,1.22,0.5,0.3782,0.3782,0.6832,0.04023404255319149,0.04023404255319149,0.0726808510638298,7012,7013,7014,0.07581078194327234,0.05064139277225153,0.05272339312936366,0.02007405823104804,0.15436618843065758,0.004324754438909155,0.0020657635645704854,0.0034477549865071064,0.0015965924355241358,0.00907969080630606,2.878820860727813,0.6790004137996956,0.003073049151028933,5.591199527436863e-05,2.5167617177780655e-05,0.0030724373914645803,nan,0.4198516313314106,0.42568821594669887,0,0.8014382660554423,0.0018337576648280584,True,True,True,True,normal_completion,6.169910327999787,0.4552565326811732,0.33038155711084427,0.22324137750712292,0.3342589882357349,0.0,0.0,0.0,0.0,0.21333265714899888,0.6863505594406061,0.6801436595825331,0.6608414095112152,2.443305506202222,2.6560216009842668,7.943294887484184,2.7595280395515878,0.0,0.0,0.0,0.0,0.0,0.0,nan,False,7.943294887484184,1.40830063328547,0.8223524848876224,1.1583726104424032,inf,0.0,1.0717358998400885,3,4.333162482615476,2.0533897996494184,47.10007114691146,4.7164056125476925,nan
residual_torque_off,10,0,1.24,0.5,0.3844,0.3844,0.6944,0.0408936170212766,0.0408936170212766,0.07387234042553192,7000,7001,7002,0.0853922308113451,0.04809055768769323,0.06756926201502453,0.02033534300103268,0.16819140506637628,0.005300085740696245,0.0029880650053132297,0.00377760628027584,0.002211801793555345,0.01395238111577587,2.9760174131649264,0.7235727658969964,0.0029403417622436315,3.867384247914496e-05,0.00020972080661781078,0.0029325980283655406,nan,0.4240303275931982,0.42874331425462325,0,0.79480315629179,0.002307492032002417,True,True,True,True,normal_completion,6.184525285999825,0.49411457704522704,0.37101645146681733,0.22907035425871952,0.36208365744715665,0.0,0.0,0.0,0.0,0.4945621726441025,0.6887357138132414,0.686110012845326,0.6874654147454663,1.5592140434800967,2.659402149125962,9.407484833406698,3.830135714851009,0.0,0.0,0.0,0.0,0.0,0.0,nan,False,9.407484833406698,1.4188221965994756,0.8184712748554368,1.161265212043964,inf,0.0,1.0738348169535987,3,14.101937110051523,1.9507725749231979,47.099720714081016,5.268593434236593,nan
residual_torque_off,11,1,1.24,0.5,0.3844,0.3844,0.6944,0.0408936170212766,0.0408936170212766,0.07387234042553192,7003,7004,7005,0.07706220236776488,0.04909187512670457,0.05547052833401666,0.021250678028228838,0.15369872311914962,0.0036316523714425264,0.002011204840909873,0.0027162562896308764,0.00132887388564362,0.008431345437269106,2.8354999753398498,0.5388193085738316,0.0032231400098446253,2.3887512654710563e-05,8.12826904553754e-05,0.0032220263863029924,nan,0.4212546120549635,0.3522617021919453,0,0.7881185001680188,0.000501113356812524,True,True,True,True,normal_completion,6.255831872000272,0.45942891640410743,0.3292205058344462,0.220917893657186,0.3282008443041608,0.0,0.0,0.0,0.0,0.22294802328417976,0.6873009195791523,0.6827314050190795,0.6617320887256136,2.0954097698495597,3.0243635514092566,7.069780554881513,3.1142688223789516,0.0,0.0,0.0,0.0,0.0,0.0,nan,False,7.069780554881513,1.566889275817893,0.7708887479713034,1.2079164132615174,inf,0.0,1.0733845574413863,3,4.01978274536381,2.0786724620728987,46.96756048472887,4.995015836227035,nan
residual_torque_off,12,2,1.24,0.5,0.3844,0.3844,0.6944,0.0408936170212766,0.0408936170212766,0.07387234042553192,7006,7007,7008,0.07372225372485217,0.049399250004714824,0.05048830741117762,0.021109609375769788,0.14783066365039124,0.003959860680760244,0.0018660023072898247,0.003248161714121275,0.0012837357512886938,0.009474384324583718,2.8540798451981138,0.5652199389501311,0.0030180239810400516,1.1811591660158827e-05,0.00029581958354216176,0.003003467997237233,nan,0.42969760360360854,0.424605890733641,0,0.7874074886574662,0.002158664642717141,True,True,True,True,normal_completion,6.187817993000408,0.46485896118094877,0.355377188975673,0.21879720294758628,0.3716553367770038,0.0,0.0,0.0,0.0,0.2327757075191232,0.6869507610967778,0.6644074438804223,0.6854794029428991,1.1073487178920167,2.776136428962305,6.411419153851356,2.835508436462285,0.0,0.0,0.0,0.0,0.0,0.0,nan,False,6.411419153851356,1.4644148609687788,0.8044197848108405,1.178004287334302,inf,0.0,1.0742644017348075,3,14.723675086041986,0.9525507423477412,47.011787322767475,5.29085461082833,nan
residual_torque_off,13,3,1.24,0.5,0.3844,0.3844,0.6944,0.0408936170212766,0.0408936170212766,0.07387234042553192,7009,7010,7011,0.07351644770121554,0.04545471709426461,0.05379595316277309,0.021083932265937785,0.145261993987742,0.002732684664263348,0.001361999270442487,0.002060811346069684,0.0011685803598917202,0.007144788141375267,2.8158397593995215,0.3883042416811077,0.004599719470076744,-6.440067176936154e-05,0.0002547399160227823,0.00459220854622952,nan,0.4191882176948626,0.38944379206034213,0,0.7815146601329727,0.0028362974636119776,True,True,True,True,normal_completion,6.16005639299965,0.45809344577944144,0.3349414197428816,0.21024844755678967,0.31761524993450224,0.0,0.0,0.0,0.0,0.2579105014479889,0.6135530320342089,0.6795443642814892,0.5579619266346185,1.5121093097075666,3.1829816813435023,6.454967861659794,3.149757047977431,0.0,0.0,0.0,0.0,0.0,0.0,nan,False,6.454967861659794,1.447974762606311,0.8090550557553964,1.1715617744056757,inf,0.0,1.0752518224323178,3,3.4813580291415542,1.2460994952967233,46.7918927054319,4.788026745233588,nan
residual_torque_off,14,4,1.24,0.5,0.3844,0.3844,0.6944,0.0408936170212766,0.0408936170212766,0.07387234042553192,7012,7013,7014,0.07576444234576636,0.050605909295500295,0.05269106262435247,0.020073479714716107,0.15430406591971793,0.004381906079662884,0.0020811501184480985,0.003466261272712274,0.001689659097204266,0.009191539424843994,2.88065073264287,0.6812871293958265,0.003139661656597581,5.786609263087883e-05,2.4275444486118736e-05,0.0031390344910541684,nan,0.42220094273904407,0.4320284081327475,0,0.8014373659198588,0.0017860102933230017,True,True,True,True,normal_completion,6.213672876000146,0.47295421266029564,0.34039753605010775,0.25410717835779506,0.33707627181311794,0.0,0.0,0.0,0.0,0.22117390414199867,0.6878011372677818,0.6830176218037846,0.6855460257394681,2.3348814215667635,3.29669836009966,8.498912942117315,3.6300393108160103,0.0,0.0,0.0,0.0,0.0,0.0,nan,False,8.498912942117315,1.4147832137451783,0.8198565985925261,1.1604967559797588,inf,0.0,1.0730036095476028,3,7.321370116841386,1.8049909086634677,47.100062960993455,4.8537504534928,nan
residual_torque_off,15,0,1.25,0.5,0.3875,0.3875,0.7000000000000001,0.04122340425531915,0.04122340425531915,0.07446808510638299,7000,7001,7002,1.3799134571959968,0.9254886212364424,0.7883541817315629,0.6527860640813611,0.3667860473355391,3.3054924316822163,3.1415200045313565,0.0007112458868243745,1.0281691354864517,3.308365416885782,69.44106810600236,0.0,0.09457395950369442,-0.04122340425531915,-0.04122340425531915,-0.07446808510638299,nan,0.0,0.0006236714069146347,0,0.04951986662715168,3.1402951732359323,False,True,False,False,loss_of_flight,7.4901912119999,0.4453990320102812,0.4569548536565056,0.30844262201682093,0.5408292695944092,0.0,0.0,0.0,0.0,0.6895099459654087,0.6946162769727426,0.6948818983578191,0.7291568554510035,8.591466001192838,9.242524029082201,12.153118467452773,10.48449364889059,0.0,0.0,0.0,0.0007894736842105563,0.0,0.0007894736842105563,nan,False,12.153118467452773,1.3130107163390394,0.8557052451596112,1.1310581578932701,inf,0.0,1.0000000000000004,0,108.62780491200216,9.525431894766745,108.62780491200216,7.9277973677489,-8.157499999999999
residual_torque_off,16,1,1.25,0.5,0.3875,0.3875,0.7000000000000001,0.04122340425531915,0.04122340425531915,0.07446808510638299,7003,7004,7005,0.07704867277947546,0.04908010415805986,0.05546217851564004,0.021250602514092495,0.15368394973630534,0.0036467141508222233,0.0020137815677967346,0.002717683529024692,0.0013628661456933902,0.008419208346238464,2.835671449651245,0.5385732344806101,0.0032579840962124814,2.4617209144539576e-05,8.077132002320964e-05,0.0032568896754494314,nan,0.422542427565962,0.35500710716608813,0,0.7881188003867869,0.0005066455441719432,True,True,True,True,normal_completion,6.289035016000071,0.4622955560665851,0.3292965545961462,0.22059219997656862,0.3205387631906945,0.0,0.0,0.0,0.0,0.24211352365024189,0.6878644250779273,0.6837846225429063,0.6859714074687904,1.059848884855874,3.017338682086965,5.744481293453797,3.111255273051234,0.0,0.0,0.0,0.0,0.0,0.0,nan,False,5.744481293453797,1.5731674058405554,0.7688598868951142,1.2095453137216496,inf,0.0,1.0740150119056602,3,7.125884710954896,1.1198139891644132,46.967556399588226,5.0409872470476005,nan
residual_torque_off,17,2,1.25,0.5,0.3875,0.3875,0.7000000000000001,0.04122340425531915,0.04122340425531915,0.07446808510638299,7006,7007,7008,0.073680653336016,0.04938976427523554,0.05043691281054925,0.021109421759012918,0.14780947552366,0.0039853769344819785,0.001877286882675124,0.0032578988215225843,0.0013210293481821461,0.009505711052366415,2.855191087496755,0.566555705846737,0.0030448755952749373,1.1267419657262634e-05,0.0002959425341546029,0.0030304386567679142,nan,0.4309525786822971,0.4284102618779921,0,0.787407134916168,0.0021881266612560264,True,True,True,True,normal_completion,6.229893572000037,0.4751956001902635,0.3874490317866933,0.2184700200107196,0.38871390839447295,0.0,0.0,0.0,0.0,0.232717154179149,0.6878431306759263,0.6786710184756216,0.6868583029242061,1.2198789968426358,2.779010460627313,6.148834143780593,2.8299685367997554,0.0,0.0,0.0,0.0,0.0,0.0,nan,False,6.148834143780593,1.4685241778379812,0.8029766891737199,1.1791906822919012,inf,0.0,1.074865748810772,3,21.161634451076985,0.9000909388848972,47.01178324313392,5.469989104918282,nan
residual_torque_off,18,3,1.25,0.5,0.3875,0.3875,0.7000000000000001,0.04122340425531915,0.04122340425531915,0.07446808510638299,7009,7010,7011,0.07350459688762163,0.04544349612192014,0.05378927327678589,0.021083844625305725,0.1452463164213921,0.0027411482340553815,0.0013632517118720056,0.0020596711925615434,0.0011887779395980964,0.007163925429589394,2.8158555761789485,0.38734173641759756,0.004643945698800963,-6.477903339752872e-05,0.00025402928991100776,0.0046365401378734294,nan,0.42047789718673007,0.39250723255565234,0,0.7815138883917288,0.0028505962229880342,True,True,True,True,normal_completion,6.23916142600001,0.4610272269600364,0.33269786927235456,0.20993711340064355,0.3227465458167573,0.0,0.0,0.0,0.0,0.26046698248088623,0.6306640179417387,0.6774185612998469,0.573969865224635,2.4561814098608026,3.19065016135837,8.039511249917348,3.149887203429297,0.0,0.0,0.0,0.0,0.0,0.0,nan,False,8.039511249917348,1.4529385308176193,0.8073070042330875,1.1729674526491958,inf,0.0,1.0758782872385968,3,3.377312171711223,2.545019511752253,46.791888620223794,5.040355534164263,nan
residual_torque_off,19,4,1.25,0.5,0.3875,0.3875,0.7000000000000001,0.04122340425531915,0.04122340425531915,0.07446808510638299,7012,7013,7014,0.9183578829511965,0.46688563343736733,0.44639436828147855,0.6527871586014627,0.3668679495338455,3.5233179870983298,3.1415231084727497,0.0006920931580184815,1.5951807791436758,3.526586603863152,69.4411047522213,0.0,0.09457395950369442,-0.04122340425531915,-0.04122340425531915,-0.07446808510638299,nan,0.0,0.0006968442683147664,0,0.0497157696698404,3.139731717762036,False,True,False,False,loss_of_flight,7.4009337669999695,0.5360099924384435,0.41050070227369573,0.306825079597145,0.3494579183623119,0.0,0.0,0.0,0.0,0.651445246590712,0.7036746457984385,0.7041980513769242,0.6861030573060569,9.525692239942906,9.999443389919973,13.734363450260963,9.980405108652011,0.0,0.0015789473684210472,0.0038157894736842186,0.0,0.0,0.0053947368421052655,nan,False,13.734363450260963,1.3093500513089893,0.8622062245634015,1.132046871307795,inf,0.0,1.0000000000000004,0,108.62780491200216,8.891823742157968,108.62780491200216,7.218593464073744,-7.039999999999999
residual_torque_off,20,0,1.26,0.5,0.3906,0.3906,0.7056000000000001,0.0415531914893617,0.0415531914893617,0.07506382978723405,7000,7001,7002,1.664140690254262,0.43780165489216866,1.4665028838671856,0.6535007571096138,0.3666214800542382,4.056075555891164,3.141518141240399,0.0007114801567324265,2.565660183491029,4.059096037690748,69.44104229940058,0.0,0.09533055117972396,-0.0415531914893617,-0.0415531914893617,-0.07506382978723405,nan,0.0,0.0007821394153949698,0,0.04892493420699243,3.1407900635243973,False,True,False,False,loss_of_flight,7.538521662000221,0.4606649397950386,0.43599388069844897,0.21970900117282313,0.5333264265653906,0.0,0.0,0.0,0.0,0.7313690377445211,0.6995455942221168,0.6871701318796164,0.6884063282322141,10.318114217905835,9.314098507952227,13.67152850445532,9.454423003245381,0.0004210526315789478,0.0,0.0,0.0,0.0,0.0004210526315789478,nan,False,13.67152850445532,1.313530002536472,0.8549345612054032,1.1312875049742073,inf,0.0,1.0000000000000004,0,108.62780491200216,9.374682245525825,108.62780491200218,7.65043371548152,-7.404999999999999
residual_torque_off,21,1,1.26,0.5,0.3906,0.3906,0.7056000000000001,0.0415531914893617,0.0415531914893617,0.07506382978723405,7003,7004,7005,0.07702348685182131,0.049062872189592176,0.05544246555098001,0.02125053206272324,0.1536685662385672,0.0036605681042576215,0.002015177293837924,0.002717215128839867,0.0013984138385728577,0.008401300987002707,2.835695088761187,0.5379101833754806,0.003297731670065131,2.5357312092834372e-05,8.016577653653656e-05,0.0032966596158454514,nan,0.4238289002970418,0.35780166644270406,0,0.7881190825196577,0.0005105278328274243,True,True,True,True,normal_completion,6.316801691999899,0.4651898371845229,0.3331968216703902,0.22027751312544738,0.32457658332121503,0.0,0.0,0.0,0.0,0.36767056077119203,0.6886521765493847,0.6851462811160116,0.6871952313716341,1.2301120054509265,3.009391785357481,5.8481834726835045,3.1079224112676935,0.0,0.0,0.0,0.0,0.0,0.0,nan,False,5.8481834726835045,1.5795899104334123,0.7667943394103506,1.2112206019100433,inf,0.0,1.074649009921939,3,11.436300027698206,1.5356229437252233,46.967552314447815,5.12956821466492,nan
residual_torque_off,22,2,1.26,0.5,0.3906,0.3906,0.7056000000000001,0.0415531914893617,0.0415531914893617,0.07506382978723405,7006,7007,7008,0.0735928348453224,0.04937880953164135,0.050319367301101876,0.021109234572233626,0.14778769182064194,0.004011796398685056,0.0018888440848161315,0.0032674591709990373,0.0013603267745698913,0.009538713179756788,2.8563194211941494,0.5678535007491994,0.0030731388275279984,1.0702240224452764e-05,0.0002960088589883947,0.003058830899333065,nan,0.4322120454258949,0.4322830944777843,0,0.7874067638750237,0.002217306925256949,True,True,True,True,normal_completion,6.19214891699994,0.4654263687180153,0.38893394084917937,0.2181443580473558,0.40016115460810187,0.0,0.0,0.0,0.0,0.26724501634163433,0.6888394800392301,0.6827806286954018,0.6876763225553608,1.427834406101982,2.782679098633523,7.821259113158959,2.8243193306333967,0.0,0.0,0.0,0.0,0.0,0.0,nan,False,7.821259113158959,1.4725753586249104,0.8015578751136435,1.1803543754040948,inf,0.0,1.0754669009969802,3,24.00821084958893,1.634968062669767,47.01177916350058,5.726949642884072,nan
residual_torque_off,23,3,1.26,0.5,0.3906,0.3906,0.7056000000000001,0.0415531914893617,0.0415531914893617,0.07506382978723405,7009,7010,7011,0.07348614545039145,0.04543227800274782,0.05377357151447329,0.021083754296020173,0.14522964088076573,0.0027474793778672897,0.0013633958389444895,0.002055798356572234,0.0012097470129203783,0.007177587712654626,2.815730187785075,0.38578021939682355,0.004695675235153033,-6.512335394904395e-05,0.00025290317174062743,0.004688407495997277,nan,0.4217684665659824,0.39572188861805374,0,0.7815130664887154,0.002863206789370505,True,True,True,True,normal_completion,6.202309260999755,0.4758275425915039,0.33226432803048744,0.21004276983736378,0.3306801663968061,0.0,0.0,0.0,0.0,0.26309173500433547,0.6572317870149581,0.6803663793482979,0.6112559515289531,2.068264650012481,3.4472491734516404,7.7013335827652245,3.4491956973860405,0.0,0.0,0.0,0.0,0.0,0.0,nan,False,7.7013335827652245,1.4577580911944819,0.8056129264518375,1.1743887619060311,inf,0.0,1.0765056857381685,3,3.4604857194479735,2.5858266415071838,46.79188453501592,5.14034487898961,nan
residual_torque_off,24,4,1.26,0.5,0.3906,0.3906,0.7056000000000001,0.0415531914893617,0.0415531914893617,0.07506382978723405,7012,7013,7014,0.07569707166708561,0.05056400531338497,0.05263467212379821,0.02007285022262986,0.15423728035874607,0.004443939320269666,0.0020967172111541034,0.003483197382592496,0.0017943549293798547,0.009332674512840063,2.8824293387050703,0.6831499005660916,0.0032147753376478953,5.988117870640852e-05,2.328421717268797e-05,0.003214133251938464,nan,0.42454496716023127,0.4384988077212829,0,0.8014364805549714,0.001733625134984627,True,True,True,True,normal_completion,6.234414181000375,0.4663683448057386,0.3511324547380049,0.22196657585899182,0.3609093533366732,0.0,0.0,0.0,0.0,0.4641528328911574,0.688597060451154,0.6869264239876951,0.6867917268681593,2.7142128864629735,2.665209385111842,9.18662356801265,2.7498991379549507,0.0,0.0,0.0,0.0,0.0,0.0,nan,False,9.18662356801265,1.4211449855695417,0.8173999109367307,1.162521887101084,inf,0.0,1.0742785603931122,3,9.693257476792976,2.075323165649273,47.10005477507631,4.966653445475737,nan
servo_dynamics_ideal,0,0,1.2,0.5,0.372,0.372,0.672,0.03957446808510638,0.03957446808510638,0.07148936170212766,7000,7001,7002,0.07616909335161541,0.04094256936528919,0.06087791775036477,0.020477205037685364,0.1442917302659235,0.016486362064824404,0.010402443006175871,0.009813587397158829,0.008202610318311418,0.030837483302186785,4.716200801626567,2.131765600851319,0.006307312727001169,0.0006775480500219103,9.327256757171026e-05,0.006270121426594624,nan,0.4283031218430221,0.5079213975121184,0,0.7947290620726971,0.010715451211434609,True,True,True,True,normal_completion,6.302758922000066,0.45146774172032517,0.33624128865772707,0.22005345821053793,0.313686943152811,0.0,0.0,0.0,0.0,0.2170569303871747,0.6067570058417062,0.6268133248566512,0.5436599622552027,1.8466268173156695,5.108670375738112,10.240843714972604,4.967777604098905,0.0,0.0,0.0,0.0,0.0,0.0,nan,False,10.240843714972604,1.389890251867792,0.8289294484081564,1.1521209598286424,inf,0.0,1.0723355173279063,3,2.3201360046473347,1.3213471449092695,47.09973699854308,4.756978842903242,nan
servo_dynamics_ideal,1,1,1.2,0.5,0.372,0.372,0.672,0.03957446808510638,0.03957446808510638,0.07148936170212766,7003,7004,7005,0.06973457157513688,0.04215820295521822,0.051308906433095096,0.021283620861930645,0.13690811610842593,0.013631475530692508,0.009130575575376314,0.006896855550251652,0.007408312785322457,0.03113673262174381,4.142715630014004,1.6164033212153002,0.003131502800747515,-0.00046960225014654883,0.00013721038117358447,-0.0030930497618119612,nan,0.4272694295025754,0.35380787495245175,0,0.7879593649607237,0.009762426969375777,True,True,True,True,normal_completion,18.785420953000084,0.44236385209246676,0.3313726292516965,0.22105690966904906,0.3223729091807927,0.0,0.0,0.0,0.0,0.17539649497073012,0.5756823904460375,0.5286026683864465,0.5196824096155054,1.7901302292134673,4.7732919078691145,12.510017253490652,4.501925714860603,0.0,0.0,0.0,0.0,0.0,0.0,nan,False,12.510017253490652,1.4710840801987257,0.8014198737750335,1.178956017865324,inf,0.0,1.0734893586285692,3,1.690766790435218,0.7722241272475246,46.96757682529356,4.589111450839785,nan
servo_dynamics_ideal,2,2,1.2,0.5,0.372,0.372,0.672,0.03957446808510638,0.03957446808510638,0.07148936170212766,7006,7007,7008,0.06770710171890025,0.042011232520995055,0.048701140540951655,0.021154358303925657,0.13062439357964595,0.015328132467835506,0.009872665543762177,0.006663634067371271,0.00964769926089602,0.028568538162553576,4.299391116439965,1.2849791783401157,0.0045294266391929855,0.00031566151125399233,0.0007554292552325245,0.004454816509182252,nan,0.4288676486061673,0.48722570686635913,0,0.787475917196474,0.008392570031925608,True,True,True,True,normal_completion,8.467802925000342,0.43964109638354854,0.33111639703913154,0.22013020733567426,0.33199765254940694,0.0,0.0,0.0,0.0,0.15393949640495075,0.5950773876857858,0.5591128019947175,0.5348039316058365,2.3791891392086444,4.604113919246871,10.85675074504328,4.717835797733822,0.0,0.0,0.0,0.0,0.0,0.0,nan,False,10.85675074504328,1.42372132904651,0.8183376663383174,1.1650847899280088,inf,0.0,1.0715128207507147,3,2.6019954229909112,0.6583603706705173,47.01180364130385,4.768721052347957,nan
servo_dynamics_ideal,3,3,1.2,0.5,0.372,0.372,0.672,0.03957446808510638,0.03957446808510638,0.07148936170212766,7009,7010,7011,0.06663704759352113,0.03929921263947689,0.04951210921939771,0.02108599152387223,0.12771319891811875,0.01589875848648745,0.009653963300777004,0.009107181954783545,0.008753899179301292,0.03345341991006415,4.433420391153139,1.7404244431243054,0.011273764451778896,-0.0008697896253820406,0.0003563242977154685,0.011234512179735659,nan,0.4234877435925823,0.4970601049049342,0,0.7816577631752322,0.010929822255595684,True,True,True,True,normal_completion,7.2616944129999865,0.4405271311372202,0.32655859440099066,0.20993717600569792,0.3133549535227958,0.0,0.0,0.0,0.0,0.24509088081951577,0.5707699361474614,0.6090205924943011,0.4992887822949339,1.4514814955479385,4.488927359260223,10.76752728934992,4.803182941022269,0.0,0.0,0.0,0.0,0.0,0.0,nan,False,10.76752728934992,1.3762511564598758,0.8344362918830449,1.148393911696131,inf,0.0,1.071361066934917,3,1.7499161391619538,1.723194656770347,46.791909046266454,4.684170309638269,nan
servo_dynamics_ideal,4,4,1.2,0.5,0.372,0.372,0.672,0.03957446808510638,0.03957446808510638,0.07148936170212766,7012,7013,7014,0.06836784934810346,0.04405956326754764,0.04824070050372607,0.020143299731368237,0.13665616719230217,0.013349439435627443,0.008872735501066781,0.005851762012956319,0.008077065018762413,0.027880993330293122,3.9640285139703413,1.462608163751479,0.0023880265231913216,-0.00046607209781554526,0.0002507722523965236,0.002328639249117609,nan,0.42253482169738105,0.4856023380040485,0,0.8016292945094359,0.004269850080358101,True,True,True,True,normal_completion,6.6021441950001645,0.4810417693547579,0.319026145201775,0.22178385436700995,0.3159641556860962,0.0,0.0,0.0,0.0,0.16744796215420824,0.6855316345475053,0.591094264255885,0.682184092619345,1.3543817303307222,4.314205351686173,10.689566721176817,6.045135333247766,0.0,0.0,0.0,0.0,0.0,0.0,nan,False,10.689566721176817,1.3796956943675038,0.833574090128513,1.150078583086619,inf,0.0,1.0714279645348963,3,5.113966003155483,0.8752790820412538,47.10007933283031,4.702244841586675,nan
servo_dynamics_ideal,5,0,1.22,0.5,0.3782,0.3782,0.6832,0.04023404255319149,0.04023404255319149,0.0726808510638298,7000,7001,7002,0.07607269097896284,0.04087686983400181,0.06080016075237029,0.02048112003384529,0.14407525633168153,0.016736327843452723,0.01054075098950502,0.009937688773427626,0.008380905685143504,0.03181782333647861,4.763185812768637,2.141707349621145,0.006397774233679102,0.0006660937757137914,7.074952926538342e-05,0.00636261178535924,nan,0.43321058661069517,0.5105456244592467,0,0.7947682712344778,0.010852378955332578,True,True,True,True,normal_completion,6.305457471999944,0.45594104749785996,0.3368579207977813,0.2196022732258002,0.3299040914083667,0.0,0.0,0.0,0.0,0.21872037688117169,0.6214602672680498,0.645926598654777,0.5548825431232743,1.8177236348500045,5.04271716594218,10.553064155102062,5.9331274151593965,0.0,0.0,0.0,0.0,0.0,0.0,nan,False,10.553064155102062,1.3972015068003851,0.8261414168662814,1.1542860324757735,inf,0.0,1.0735796882175546,3,3.998146164115777,1.7920541696514507,47.099728856311614,4.937966928596262,nan
servo_dynamics_ideal,6,1,1.22,0.5,0.3782,0.3782,0.6832,0.04023404255319149,0.04023404255319149,0.0726808510638298,7003,7004,7005,0.06969386425278708,0.042151772030465044,0.051257468761208715,0.021286961393569736,0.13703867061364597,0.013834680061040926,0.009260228319673316,0.006934500992580571,0.007586780598039117,0.03141398423645865,4.175522969681997,1.6221348054712315,0.003085086564162771,-0.000467133181852146,0.00013871195647307405,-0.0030463592519467814,nan,0.42964216267175964,0.4922020213419905,0,0.7879579294031366,0.00991995370044177,True,True,True,True,normal_completion,6.18398093299993,0.4447398079419775,0.33367393240570437,0.22042572839943073,0.32030317357180543,0.0,0.0,0.0,0.0,0.1784747215654222,0.5940416840862008,0.5346116794117086,0.5342319318580748,1.542101099580629,4.757874031079863,10.190897813880726,4.5002580112511685,0.0,0.0,0.0,0.0,0.0,0.0,nan,False,10.190897813880726,1.4800191479278428,0.798280709225782,1.181470735075576,inf,0.0,1.0747083411378717,3,1.6878653910163604,1.1963425520133544,46.967568655010794,4.643356098904,nan
servo_dynamics_ideal,7,2,1.22,0.5,0.3782,0.3782,0.6832,0.04023404255319149,0.04023404255319149,0.0726808510638298,7006,7007,7008,0.0677601651254526,0.0419793831205172,0.048804673978271276,0.021148881022978253,0.13068427552947504,0.015361801573113343,0.009947822098133762,0.0067736783626014575,0.009546887687388707,0.0293907380743199,4.3073993332260425,1.290894125220294,0.004540704196322413,0.00030549764644290794,0.0007457969557169847,0.004468607466242822,nan,0.4296619471675387,0.4315732482951882,0,0.7874821413087336,0.008599053546635978,True,True,True,True,normal_completion,6.245009584999934,0.4354658475230639,0.3328905645649243,0.23763152872187143,0.33035177921010717,0.0,0.0,0.0,0.0,0.2978898568802742,0.6574681865950043,0.6841016473866206,0.6208463369165534,2.3480294239814357,4.572830793647654,10.654884009197483,4.4206243544958745,0.0,0.0,0.0,0.0,0.0,0.0,nan,False,10.654884009197483,1.4322631070181924,0.8152585391422545,1.1676647282949981,1.1509930704284306,0.9320059680972154,1.0727324934715334,4,5.048562390497269,0.9216123939711613,47.011795482035225,4.8436273658037035,nan
servo_dynamics_ideal,8,3,1.22,0.5,0.3782,0.3782,0.6832,0.04023404255319149,0.04023404255319149,0.0726808510638298,7009,7010,7011,0.06670747086234505,0.039274411828598164,0.04962866787241488,0.021080857894730427,0.12776451082676885,0.0160701298242623,0.009703076942132167,0.00917971472987431,0.008934887123060706,0.033771595188098684,4.441039341999724,1.747323429983142,0.011309401952405549,-0.0008809806388785368,0.0003427456000962281,0.011269825690249619,nan,0.4246588125279349,0.5119795620414551,0,0.7816820119352408,0.01099741373369321,True,True,True,True,normal_completion,7.101738589999968,0.44295601640680515,0.31735542675357653,0.2098616475146585,0.30891012834770665,0.0,0.0,0.0,0.0,0.24331125653923272,0.5888834234795888,0.6102322184376423,0.5230899282871839,1.419195751073487,4.507380843595754,10.191851340790777,4.594086704000126,0.0,0.0,0.0,0.0,0.0,0.0,nan,False,10.191851340790777,1.3845191145375448,0.8313393703152956,1.1510052488691331,inf,0.0,1.0725463851339438,3,1.9389408662030974,1.7383757913075308,46.79190087584875,4.709892119208273,nan
servo_dynamics_ideal,9,4,1.22,0.5,0.3782,0.3782,0.6832,0.04023404255319149,0.04023404255319149,0.0726808510638298,7012,7013,7014,0.06833750269071037,0.04403353262627015,0.048221960701401535,0.020142114699468295,0.13658789759534654,0.013506118147898982,0.008952844425651989,0.005911743186446411,0.008204455899849935,0.02814382036513272,3.980375042562435,1.4703649270190995,0.0024059025874659354,-0.00046437654657478095,0.00024957399915272876,0.002347431469141001,nan,0.4246861634656532,0.4971607776307161,0,0.8016439363997774,0.004246886265952023,True,True,True,True,normal_completion,8.957558772000084,0.5059581632939529,0.35595715323301297,0.2211519171058292,0.37110167906628944,0.0,0.0,0.0,0.0,0.16841165405726838,0.6858569133264432,0.6189587396146946,0.6854809771503363,1.4695004391238806,5.3083101844911535,15.654182043924976,6.478584891906899,0.0,0.0,0.0,0.0,0.0,0.0,nan,False,15.654182043924976,1.3867479720898932,0.8309014281302406,1.1522508704662073,inf,0.0,1.0726342789874383,3,12.46676972752635,1.8073123851090616,47.10007114691146,5.210522584169871,nan
servo_dynamics_ideal,10,0,1.24,0.5,0.3844,0.3844,0.6944,0.0408936170212766,0.0408936170212766,0.07387234042553192,7000,7001,7002,0.07597132065611392,0.04083599945524023,0.06069400462354411,0.02050123199914843,0.14399881448297225,0.01702271197874517,0.010731117493638366,0.010058215663495204,0.008570188919484903,0.032651175647190396,4.826132943000831,2.1543293108141963,0.006453774456427125,0.0006715269358941456,8.016997551330007e-05,0.006418241899759314,nan,0.4363493208895226,0.5241162359221854,0,0.7947596167383517,0.011143962254610618,True,True,True,True,normal_completion,7.43624444399984,0.4598489002518906,0.3330938950157794,0.2376964066467396,0.3232338437289385,0.0,0.0,0.0,0.0,0.2218927297723199,0.6705883291462583,0.6828223857534915,0.6187452830552457,1.789228800820425,5.073583410609701,10.537697415556805,4.940863065892046,0.0,0.0,0.0,0.0,0.0,0.0,nan,False,10.537697415556805,1.4038973903146035,0.8235710905285099,1.156209304731527,inf,0.0,1.0748099418021944,3,3.6271306987965315,1.830867870459433,47.099720714081,4.995695725102641,nan
servo_dynamics_ideal,11,1,1.24,0.5,0.3844,0.3844,0.6944,0.0408936170212766,0.0408936170212766,0.07387234042553192,7003,7004,7005,0.06967443320599412,0.042132728537992624,0.05124635636265128,0.021287808437519075,0.1370532739705745,0.0139904198832899,0.009379482272780492,0.0069791528825661414,0.007684307766293483,0.031701013772954686,4.1988429768984,1.6277527707051422,0.003044450981413094,-0.0004641229751820228,0.00014064131581561362,-0.003005576760360812,nan,0.4319911014211872,0.5009118288810287,0,0.7879555908064116,0.010103868141936449,True,True,True,True,normal_completion,6.8219639120002284,0.44705408968389043,0.33467460974414737,0.21980080574855843,0.3201082065416279,0.0,0.0,0.0,0.0,0.1789728755870941,0.6035399899113952,0.5492833399090612,0.5499200142459866,1.723785951818423,4.740155584065637,10.258052948191969,4.498151480223543,0.0,0.0,0.0,0.0,0.0,0.0,nan,False,10.258052948191969,1.4890530869559566,0.7951279022647753,1.183998855376991,inf,0.0,1.0759303684709522,3,1.7673204294904876,1.0623488509400043,46.96756048472887,4.62940815656535,nan
servo_dynamics_ideal,12,2,1.24,0.5,0.3844,0.3844,0.6944,0.0408936170212766,0.0408936170212766,0.07387234042553192,7006,7007,7008,2.031884235606086,0.10854589782394922,1.9213513635193378,0.6520584888432192,0.3666107817999195,3.1434620156403428,3.1415057750487954,0.0007057476585350439,0.11088016517387957,3.146148556068669,67.98914947534256,0.0,0.09381736782766485,-0.0408936170212766,-0.0408936170212766,-0.07387234042553192,nan,0.0,0.0009027081543164783,0,0.05024757896747448,3.1411138164086965,False,True,False,False,loss_of_flight,7.730710383999849,0.4338480807984543,0.36361274478702993,0.28181233002021827,0.3517583303381314,0.0,0.0,0.0,0.0,0.6976461026355346,0.6894389868800456,0.6957091257459515,0.6885080168477795,13.664033084066771,20.85517285018161,14.645266854925136,14.458305301942628,0.0,0.0,0.0,0.0,0.0,0.0,nan,False,20.85517285018161,1.3136730193805557,0.854951672242241,1.1289472802299383,inf,0.0,1.0000000000000004,0,107.46605163668441,5.659988887368089,107.46605163668441,5.659988887368089,-11.19
servo_dynamics_ideal,13,3,1.24,0.5,0.3844,0.3844,0.6944,0.0408936170212766,0.0408936170212766,0.07387234042553192,7009,7010,7011,0.06660868534074829,0.03923721115128534,0.04952245772457482,0.0210875414595909,0.12775596981082302,0.016308485454042385,0.009773664388758704,0.009267200899320935,0.009195714747220396,0.03401296977744648,4.47050994501148,1.7550827915184943,0.011372277721884571,-0.0008828925945335783,0.00034338693264848036,0.0113327528281824,nan,0.4257753280330524,0.523485032918789,0,0.7816820704041161,0.011079193275457193,True,True,True,True,normal_completion,6.155247648000113,0.5034227148946436,0.36303881429919327,0.21008949665873533,0.36402997724543873,0.0,0.0,0.0,0.0,0.24156616541349493,0.685227072193029,0.6669493055390643,0.6845473635006321,1.5300561407169566,5.3167193185791914,11.082594224811903,5.410727010141014,0.0,0.0,0.0,0.0,0.0,0.0,nan,False,11.082594224811903,1.392015593573359,0.828436436966828,1.1531964385421776,inf,0.0,1.0737338041191449,3,11.699900016226879,1.8151021786412618,46.7918927054319,4.973085643342626,nan
servo_dynamics_ideal,14,4,1.24,0.5,0.3844,0.3844,0.6944,0.0408936170212766,0.0408936170212766,0.07387234042553192,7012,7013,7014,0.7575148707473136,0.1695207386872146,0.34630071099756293,0.6520485534995402,0.36679079293694417,3.448270819628075,3.1415012953324806,0.0006905509690778773,1.4218089815661519,3.4513690050437176,69.44110343058954,0.0,0.09381736782766485,-0.0408936170212766,-0.0408936170212766,-0.07387234042553192,nan,0.0,0.0009549191717687823,0,0.05059247048648634,3.139754909741762,False,True,False,False,loss_of_flight,7.507826377000129,0.507552097558767,0.3699092334147036,0.22052420574751824,0.3934553153870629,0.0,0.0,0.0,0.0,0.6979588002498204,0.7103513697173965,0.7232203526737383,0.7087221603232875,24.824807396147566,31.73004733437219,17.598904107037697,18.066497336465545,0.0,0.0008947368421052723,0.000552631578947352,0.002157894736842125,0.0,0.002710526315789477,nan,False,31.73004733437219,1.3199905280888442,0.8599404541177025,1.1412110531522695,inf,0.0,1.0000000000000004,0,108.62780491200216,10.538585819387963,108.62783355261864,8.659847000914109,-9.6425
servo_dynamics_ideal,15,0,1.25,0.5,0.3875,0.3875,0.7000000000000001,0.04122340425531915,0.04122340425531915,0.07446808510638299,7000,7001,7002,0.07593605048203865,0.0408148658427302,0.06066551359364291,0.02049697415401079,0.14394097064781475,0.017111902493150265,0.010850966652809171,0.010095825014693704,0.00855266314707823,0.033103503184778,4.8408480513103465,2.156305294098561,0.006473511467388608,0.000670497449621825,7.926117437363767e-05,0.006438206392676407,nan,0.43595107291722535,0.5266501968075333,0,0.794762602601088,0.011267047030617223,True,True,True,True,normal_completion,7.305815450999944,0.4619083499119147,0.3324412880397415,0.218932215841539,0.3112116357109165,0.0,0.0,0.0,0.0,0.31391124158073014,0.6872704997978089,0.6847348731250843,0.6853743708036889,1.7750659765397296,5.041132628278893,10.159954089123493,4.923664517935539,0.0,0.0,0.0,0.0,0.0,0.0,nan,False,10.159954089123493,1.407414648456827,0.8222352393549774,1.1572259203456006,inf,0.0,1.0754326211712677,3,9.048750995178574,1.9634202183589464,47.09971664296603,5.175391216515199,nan
servo_dynamics_ideal,16,1,1.25,0.5,0.3875,0.3875,0.7000000000000001,0.04122340425531915,0.04122340425531915,0.07446808510638299,7003,7004,7005,0.06966539574302809,0.04211904277930783,0.05124517135766937,0.021288166006273448,0.13705216273686788,0.014064820498214881,0.009438408491724323,0.007002551293289523,0.007726570790150073,0.0318583977008477,4.2104223539088395,1.6304007034012682,0.0030165664299061897,-0.00046215615940160826,0.0001417689313482698,-0.0029775806085593215,nan,0.4331552489224962,0.5041468071035665,0,0.7879537984937447,0.010210512602886686,True,True,True,True,normal_completion,6.607400048999807,0.4481920465067349,0.3348035323313253,0.2194907388817275,0.31995236898186424,0.0,0.0,0.0,0.0,0.17899268741191152,0.6154123704678138,0.5537350149412426,0.5651698058286743,1.4946242918882369,4.730361391117981,11.548039235310336,4.4969035697713435,0.0,0.0,0.0,0.0,0.0,0.0,nan,False,11.548039235310336,1.4936104827977805,0.7935454413501989,1.18527628501071,inf,0.0,1.0765426308328196,3,1.800121910545441,1.1806922161932432,46.967556399588226,4.8047300589531305,nan
servo_dynamics_ideal,17,2,1.25,0.5,0.3875,0.3875,0.7000000000000001,0.04122340425531915,0.04122340425531915,0.07446808510638299,7006,7007,7008,1.944963852411961,0.1074685221676227,1.8290060590940247,0.6527417098130237,0.36664449327482784,3.143694803037528,3.141513111733424,0.0007050593198033251,0.11709776404144431,3.14664412160337,68.98513851280185,0.0,0.09457395950369442,-0.04122340425531915,-0.04122340425531915,-0.07446808510638299,nan,0.0,0.0010148151661337915,0,0.0494550250819651,3.141134399142254,False,True,False,False,loss_of_flight,7.312858547999895,0.4390272687042115,0.3612988353726998,0.2745157848539383,0.34912259312353977,0.0,0.0,0.0,0.0,0.7020838787150812,0.6916279236146725,0.700582256114235,0.6888512839395381,13.368777803873,21.23608641763333,18.213635531021513,17.235873628578812,0.0005526315789473708,0.0,2.6315789473678977e-05,0.0,0.0,0.0005789473684210498,nan,False,21.23608641763333,1.3140558816592698,0.8545386333130435,1.129668722424607,inf,0.0,1.0000000000000004,0,106.20154733110219,5.66093703416694,106.20154733110219,6.187422152278626,-11.27
servo_dynamics_ideal,18,3,1.25,0.5,0.3875,0.3875,0.7000000000000001,0.04122340425531915,0.04122340425531915,0.07446808510638299,7009,7010,7011,0.06661331972322808,0.039220123672692876,0.04954410376745208,0.02108312229077143,0.1277087694861307,0.016359426240162348,0.009774944133625632,0.009299990124535057,0.009251566233636346,0.034097773103688354,4.467188815916111,1.7573168943526514,0.011389401357843387,-0.0008840307391775742,0.0003439073936468903,0.011349831745309222,nan,0.42631505686276794,0.5140681763957822,0,0.7816817870884768,0.011139123254907594,True,True,True,True,normal_completion,6.174823130000277,0.503243090524401,0.36597403602498413,0.22395723751536017,0.365851189621765,0.0,0.0,0.0,0.0,0.24046011518160695,0.6852984200074208,0.6679775025500121,0.6847725051034077,1.5510242423056104,5.704968516018363,10.5082064987952,6.263003672545644,0.0,0.0,0.0,0.0,0.0,0.0,nan,False,10.5082064987952,1.3955115528151936,0.8270399766307949,1.154143842028282,inf,0.0,1.0743343871919,3,15.282135155909812,2.2445050018863273,46.791888620223794,5.2408883738285965,nan
servo_dynamics_ideal,19,4,1.25,0.5,0.3875,0.3875,0.7000000000000001,0.04122340425531915,0.04122340425531915,0.07446808510638299,7012,7013,7014,0.7574937699548558,0.1556159822405153,0.3513696933823623,0.652778535312034,0.36686747704793027,3.448069891480065,3.1415207488059895,0.000696241005504848,1.4212786062561167,3.4512698943515896,69.44110313246165,0.0,0.09457395950369442,-0.04122340425531915,-0.04122340425531915,-0.07446808510638299,nan,0.0,0.0009082207328972925,0,0.04953702440905991,3.1398804111217666,False,True,False,False,loss_of_flight,7.286396562000391,0.5119531545632987,0.4112258055947555,0.22021201085304903,0.45323944672922095,0.0,0.0,0.0,0.0,0.69748463255999,0.7051982919818004,0.7043105611119371,0.7068458380915253,17.423755268054354,21.3431245490143,23.462238516650768,17.116757238357973,0.0,0.0009736842105263279,0.0016842105263157724,0.002605263157894761,0.0,0.0047631578947368676,nan,False,23.462238516650768,1.3209729878432377,0.8583885360675741,1.13768900530373,inf,0.0,1.0000000000000007,0,106.26275569486644,9.359621021073183,106.26275569486644,7.382109831459208,-9.879999999999999
servo_dynamics_ideal,20,0,1.26,0.5,0.3906,0.3906,0.7056000000000001,0.0415531914893617,0.0415531914893617,0.07506382978723405,7000,7001,7002,0.0758646637715196,0.04083979185737632,0.060555537915873266,0.020508179781032053,0.14402663635228372,0.017276778566006255,0.010957632623846695,0.01017289905628624,0.008656182165957092,0.03345594383829246,4.868596499800847,2.161950057065841,0.006521584406750655,0.0006858807174447701,0.0001163247945587878,0.0064843734745911735,nan,0.4366113816678093,0.5301579961511979,0,0.7947100964498843,0.0116041493274843,True,True,True,True,normal_completion,6.186602329999914,0.46367217742015737,0.3392305574464887,0.21871072472759956,0.3359595619754785,0.0,0.0,0.0,0.0,0.4565870533054807,0.6888915042226839,0.6856166337039186,0.6872500973789691,1.7621583019856177,5.004074119098772,11.857144165665098,4.904003854913463,0.0,0.0,0.0,0.0,0.0,0.0,nan,False,11.857144165665098,1.410982072010076,0.8208813775375997,1.158248906952488,inf,0.0,1.0760491257698621,3,14.885335592261178,1.6650666299047547,47.09971257185127,5.3220510396423215,nan
servo_dynamics_ideal,21,1,1.26,0.5,0.3906,0.3906,0.7056000000000001,0.0415531914893617,0.0415531914893617,0.07506382978723405,7003,7004,7005,0.06964348846032176,0.0420871272055949,0.05124137419017824,0.021288747722803703,0.13704031281501272,0.014140651395395661,0.009492756921923227,0.007032166367856706,0.00777137208491326,0.03206236178301151,4.2234002853727,1.6331299618442336,0.0029912790982069373,-0.00045870724517386996,0.00014396298522308115,-0.002952391059036788,nan,0.4343148796506654,0.5076097989081777,0,0.7879507318890504,0.010347873596197137,True,True,True,True,normal_completion,6.163877193999724,0.44932261485782915,0.3349567030053665,0.21918229200721737,0.31940672657427455,0.0,0.0,0.0,0.0,0.17900270047051717,0.6432938487099603,0.5552444039308602,0.5794687744683497,1.6050088330797307,4.719900022862962,10.05881760810079,4.495504038378369,0.0,0.0,0.0,0.0,0.0,0.0,nan,False,10.05881760810079,1.4981961426391937,0.7919586386938443,1.1865561362337933,inf,0.0,1.0771552000634794,3,2.1867263948561,1.2660067987068329,46.967552314447815,4.860817556598355,nan
servo_dynamics_ideal,22,2,1.26,0.5,0.3906,0.3906,0.7056000000000001,0.0415531914893617,0.0415531914893617,0.07506382978723405,7006,7007,7008,1.740752449506421,0.14068276869727753,1.6072885603082205,0.6534913411489104,0.36662039186235845,3.143012984814662,3.141511002781445,0.0007095899198961293,0.09715317081233332,3.1456966045092845,64.85992473684578,0.0,0.09533055117972396,-0.0415531914893617,-0.0415531914893617,-0.07506382978723405,nan,0.0,0.0009043037509129613,0,0.04865169977642558,3.1407907779313367,False,True,False,False,loss_of_flight,7.639821055000084,0.4496703739662651,0.35390501555029436,0.22879226595972502,0.35148886121738493,0.0,0.0,0.0,0.0,0.7021764472816517,0.6915127721656824,0.697610255000996,0.689696972074523,14.511629091359383,17.332512594459367,17.59033603503554,15.535270198797528,0.0003421052631579015,0.0,0.0,0.0,0.0,0.0003421052631579015,nan,False,17.59033603503554,1.3147453087098908,0.8542122732176803,1.1301292639712288,inf,0.0,1.0000000000000004,0,104.99913511208608,5.657840709391738,104.99913511208608,5.657840709391738,-11.5125
servo_dynamics_ideal,23,3,1.26,0.5,0.3906,0.3906,0.7056000000000001,0.0415531914893617,0.0415531914893617,0.07506382978723405,7009,7010,7011,0.7766938838762625,0.2031138233628576,0.3673383649793042,0.6534988061381952,0.3669409351357599,3.606056861084007,3.14151762174292,0.0006962548732135248,1.7704554874039944,3.6089961136815645,69.44112803900043,0.0,0.09533055117972396,-0.0415531914893617,-0.0415531914893617,-0.07506382978723405,nan,0.0,0.0009058664797397173,0,0.048275492184099725,3.1400903708382564,False,True,False,False,loss_of_flight,8.306440899000336,0.5071082309524135,0.4056614854593797,0.21573115605618848,0.44470976766880027,0.0,0.0,0.0,0.0,0.6973550311375958,0.7079402433324683,0.7034207149259042,0.7062603636114376,17.560579717523915,33.41005340993726,19.457939946360707,17.11670672341449,0.0,0.000499999999999994,0.0009473684210526302,0.002394736842105236,0.0,0.0033684210526315262,nan,False,33.41005340993726,1.320008566600916,0.8612053765315898,1.138518419365436,inf,0.0,1.0000000000000004,0,107.84161457954464,9.570230622566797,107.84161457954464,7.720918001604221,-9.675
servo_dynamics_ideal,24,4,1.26,0.5,0.3906,0.3906,0.7056000000000001,0.0415531914893617,0.0415531914893617,0.07506382978723405,7012,7013,7014,1.0429831405337706,0.7648216175306224,0.2753572548391358,0.6534830579311026,0.36677884943602884,3.6916274236774376,3.1415182055524378,0.0006869103803516274,1.9388078624722096,3.694469268868979,69.44111309424261,0.0,0.09533055117972396,-0.0415531914893617,-0.0415531914893617,-0.07506382978723405,nan,0.0,0.0008123617531831174,0,0.048978926879318624,3.139782260991921,False,True,False,False,loss_of_flight,7.5002802890003295,0.5188951048569321,0.4270476030044775,0.3256848267370265,0.5518482284629848,0.0,0.0,0.0,0.0,0.6983334832118445,0.7109615673005844,0.677795469823229,0.7044552750925334,14.432290662158993,26.3655387991072,16.492560841063355,17.068641562526583,0.0,0.002342105263157878,0.0,0.0011842105263158158,0.0,0.003526315789473694,nan,False,26.3655387991072,1.3193138023578534,0.8612596825527773,1.1372872478531488,inf,0.0,1.0000000000000007,0,108.62780491200216,8.90775339105367,108.74178740765927,6.980660727669809,-10.1525
servo_limit_relaxed,0,0,1.2,0.5,0.372,0.372,0.672,0.03957446808510638,0.03957446808510638,0.07148936170212766,7000,7001,7002,0.08571751986879819,0.0486323110612908,0.06756652094285676,0.02042441629457658,0.16775383756658072,0.01742622579685895,0.010092000721619062,0.009532385212633708,0.01053368402392603,0.0372500978147283,4.630987005119508,2.0615033279996813,0.008136330247178481,0.000650815468099003,-2.3704079618068474e-05,0.008110224857193787,nan,0.4316158806386516,0.46724206436294474,0,0.7947962580089333,0.011332358500300573,True,True,True,True,normal_completion,6.357007380000141,0.48183043014929017,0.35026094160604565,0.22051311821181188,0.32811095979413646,0.0,0.0,0.0,0.0,0.2675817486173893,0.6326270235948783,0.9556707228642969,0.5611578196349185,1.9266635841378135,3.0508745503197976,11.14543319907387,3.175076418337722,0.0,0.0,0.0,0.0,0.0,0.0,nan,False,11.14543319907387,1.4202023790641374,0.8183016206580247,1.1654616714851207,inf,0.0,1.0722708505224157,3,3.8003436128422194,1.4441706456252172,47.09973699854308,4.780383909728659,nan
servo_limit_relaxed,1,1,1.2,0.5,0.372,0.372,0.672,0.03957446808510638,0.03957446808510638,0.07148936170212766,7003,7004,7005,0.07748539720145435,0.04832313820353617,0.056711697128745,0.02127544364770307,0.15621648166808497,0.014042844432112832,0.008850202206783014,0.006611330943669634,0.008669815672599477,0.03514116009026368,4.08179101492859,1.5630024479874352,0.0004859006982754621,-0.00045517051631720207,7.301378366842554e-05,0.00015358475528037818,nan,0.4288672867215346,0.3557658076801171,0,0.7879926559897078,0.009566100117686717,True,True,True,True,normal_completion,6.622194881999803,0.45201172374872706,0.33610891769471984,0.2216983683367706,0.3212098334679025,0.0,0.0,0.0,0.0,0.19702835395252075,0.630656161973201,0.8191911604524008,0.568468943454358,1.2366166572992405,3.105048034073522,9.580112512408485,3.147175060777231,0.0,0.0,0.0,0.0,0.0,0.0,nan,False,9.580112512408485,1.5249030444262164,0.7841923921577775,1.1958173662172722,1.1530553824147756,0.9311646893923974,1.0736844570184865,4,1.7872498845139901,0.7542612646377477,46.96757682529356,4.738394390960552,nan
servo_limit_relaxed,2,2,1.2,0.5,0.372,0.372,0.672,0.03957446808510638,0.03957446808510638,0.07148936170212766,7006,7007,7008,0.07317716014117237,0.04845851429866519,0.05060670351161902,0.021109967266197627,0.1474154669928837,0.017674348626134043,0.009351170515717551,0.006888335602108271,0.013322501340845436,0.035727270208368384,4.2422890010004135,1.2522332122229376,0.007125042040963531,0.00028356934010762,0.0006090575742557988,0.007093296933449941,nan,0.4306490350251355,0.38266370707931474,0,0.7875149736743731,0.008741779128446326,True,True,True,True,normal_completion,7.0483395010001,0.4731979971530091,0.32895563728143445,0.22809450061503647,0.3232022123830422,0.0,0.0,0.0,0.0,0.20012347307757536,0.672887922412081,0.946459536017017,0.5976855675353715,1.4320597933252828,2.898933670537237,8.554793438616185,2.6899281027840947,0.0,0.0,0.0,0.0,0.0,0.0,nan,False,8.554793438616185,1.4578447225452147,0.8070527980611537,1.176557662468802,inf,0.0,1.0710853906483668,3,2.91787899434028,2.0851646588157546,47.01180364130385,4.8266558144549565,nan
servo_limit_relaxed,3,3,1.2,0.5,0.372,0.372,0.672,0.03957446808510638,0.03957446808510638,0.07148936170212766,7009,7010,7011,0.07255852334887834,0.04402421960446329,0.05369770436510097,0.02105145944360937,0.14472929531530396,0.01755881465490896,0.009624032118530633,0.00909132961684323,0.01153419714001996,0.035483143178636586,4.4341246737593885,1.7357126871265516,0.013473904976278168,-0.0008632553036082638,0.00019134038524539626,0.013444861265462724,nan,0.4236398193096744,0.40757352263244945,0,0.7816959594452044,0.01141315940762129,True,True,True,True,normal_completion,6.364613171999736,0.4620124070181678,0.3371795202577046,0.2241117212823269,0.32625366778584164,0.0,0.0,0.0,0.0,0.24187427266569328,0.6076905255483014,0.8680854895473232,0.5323677452201228,1.4129302193396798,3.1122422839973733,9.277833956502004,3.05113259490124,0.0,0.0,0.0,0.0,0.0,0.0,nan,False,9.277833956502004,1.3917004211868964,0.8294171885767613,1.154325306042664,inf,0.0,1.0714417651321648,3,3.252199958669432,0.689975664180806,46.791909046266454,4.705053921200184,nan
servo_limit_relaxed,4,4,1.2,0.5,0.372,0.372,0.672,0.03957446808510638,0.03957446808510638,0.07148936170212766,7012,7013,7014,0.07684870515444177,0.05241053555467339,0.05248141242201336,0.020113691778914748,0.15733972636816768,0.01441020663588963,0.008555150319960153,0.0056167741970820926,0.01014471812870699,0.03036945994650079,3.899187860787588,1.3796548802278459,0.004853502310752336,-0.0004606666312375607,0.00023571021278022408,0.004825837920085341,nan,0.42145945338659707,0.46996610260725347,0,0.8016849108320996,0.0030296918856769326,True,True,True,True,normal_completion,6.125947704999817,0.4473552341660208,0.3280263497054877,0.22267009168069404,0.31682025090876853,0.0,0.0,0.0,0.0,0.2084469209601473,0.7384156961740231,0.7919761746233543,0.6134373085889022,1.5940271193788056,2.8436433990932315,8.726897359759176,2.5783099217005137,0.0,0.0,0.0,0.0,0.0,0.0,nan,False,8.726897359759176,1.4176849646951917,0.8202764870939703,1.1628936426461112,inf,0.0,1.0713733739642382,3,4.645212575643711,1.378537075867272,47.10007933283031,4.816655955631395,nan
servo_limit_relaxed,5,0,1.22,0.5,0.3782,0.3782,0.6832,0.04023404255319149,0.04023404255319149,0.0726808510638298,7000,7001,7002,0.08568496277744478,0.04861296148778878,0.06753836903227835,0.0204269804429986,0.167714979527867,0.017733677482564665,0.010219204674311828,0.009644294309912364,0.010818445366314716,0.0381724675862978,4.662155185964429,2.0677236786852142,0.00821013614975711,0.000646724297888604,-2.5828183495640866e-05,0.008184584056933272,nan,0.4351505806320659,0.4795065346009323,0,0.7948050843197453,0.011562944303117053,True,True,True,True,normal_completion,6.220970207999926,0.4839718537293563,0.3493470044476946,0.21989169437637263,0.3299273900277058,0.0,0.0,0.0,0.0,0.272307850455569,0.6463573607654107,0.9477358301656434,0.5716602086031886,1.7900873842093894,3.012675090487,11.175107751564607,3.161395303834454,0.0,0.0,0.0,0.0,0.0,0.0,nan,False,11.175107751564607,1.4281953112144419,0.8152918398130912,1.164561524195131,inf,0.0,1.0735274780571888,3,3.439838198087415,2.530012411799705,47.099728856311614,4.884371063589203,nan
servo_limit_relaxed,6,1,1.22,0.5,0.3782,0.3782,0.6832,0.04023404255319149,0.04023404255319149,0.0726808510638298,7003,7004,7005,0.07747065284620831,0.04829516583562093,0.05671525311296388,0.021275786087946037,0.156254252124937,0.01419560078996276,0.00896017980686985,0.00665748950916253,0.008769725939386304,0.035901314586640656,4.098197570162698,1.5678487593995418,0.0005113616004646938,-0.00045267602156686543,7.336895198324644e-05,0.00022625671882418874,nan,0.4315504664099327,0.36167386417475683,0,0.7879941198295228,0.009750384156167156,True,True,True,True,normal_completion,6.143879786999605,0.45432923084031707,0.3333676134936035,0.22105640247249803,0.3234233141695417,0.0,0.0,0.0,0.0,0.1968392868334157,0.6487953405309815,0.859377137134781,0.5834576100429038,1.181692209125879,3.08662814349177,9.828082501539482,3.1466738653769903,0.0,0.0,0.0,0.0,0.0,0.0,nan,False,9.828082501539482,1.534906393157727,0.7808223734044057,1.1984892528590123,inf,0.0,1.074930892722502,3,2.1543291098997766,1.2475264511773836,46.967568655010794,4.698128058646934,nan
servo_limit_relaxed,7,2,1.22,0.5,0.3782,0.3782,0.6832,0.04023404255319149,0.04023404255319149,0.0726808510638298,7006,7007,7008,0.07310693966550878,0.04840251592863383,0.05055944769182274,0.021108371044032046,0.14734927229967204,0.018029264049184607,0.00943287323940719,0.007027509491749433,0.01366343203400478,0.037237658892034904,4.267165278643977,1.2632620840466569,0.007206203639861409,0.0002806410778610907,0.0006110973949959228,0.007174759331043654,nan,0.43379774371956936,0.388295073179861,0,0.7875176011375934,0.008787540398434726,True,True,True,True,normal_completion,6.606305491000057,0.47458223180779785,0.33981141237344487,0.2568638297672854,0.3412202000369948,0.0,0.0,0.0,0.0,0.49060623203363407,0.7517948255795637,0.9786551599635968,0.628489193735679,1.7990328586682824,2.9210556065922266,11.669566471613624,2.6829815239527286,0.0,0.0,0.0,0.0,0.0,0.0,nan,False,11.669566471613624,1.4662953868441673,0.8041075462818914,1.183442636797861,inf,0.0,1.0722778497430265,3,5.839510251449805,1.7825331153551256,47.011795482035225,5.197325587198786,nan
servo_limit_relaxed,8,3,1.22,0.5,0.3782,0.3782,0.6832,0.04023404255319149,0.04023404255319149,0.0726808510638298,7009,7010,7011,0.07252280728068924,0.043984452508112434,0.053681887243367844,0.021051852541378282,0.14470434848095545,0.01786744121635703,0.00967281757514681,0.009173381662914913,0.011896685447821244,0.0361843739469366,4.450297322234925,1.7432457511733292,0.013580307078629667,-0.0008647183942058073,0.00018680524918263108,0.013551461406338394,nan,0.42418700701463247,0.416376981989669,0,0.7816905041873992,0.011378550780889132,True,True,True,True,normal_completion,8.858136511999874,0.47097165994461937,0.34588674473528647,0.22239022272829112,0.3386079931895996,0.0,0.0,0.0,0.0,0.24833673868595846,0.6269801561173727,0.9000640161533224,0.551642419852657,1.8782413122130377,3.1438724980992823,11.066550365115793,3.0609000412802874,0.0,0.0,0.0,0.0,0.0,0.0,nan,False,11.066550365115793,1.3990084199223856,0.8267281214404558,1.156628161201657,inf,0.0,1.0727180842744253,3,3.365247210761034,1.7327597472335796,46.79190087584875,4.7225625703519,nan
servo_limit_relaxed,9,4,1.22,0.5,0.3782,0.3782,0.6832,0.04023404255319149,0.04023404255319149,0.0726808510638298,7012,7013,7014,0.07683489462251065,0.05240347458373734,0.052467813291524903,0.020114806775348174,0.15734596623686786,0.014578398602822843,0.008623804141436405,0.005683639728667586,0.010288631949275054,0.031108035342932206,3.9149809980285384,1.3852066959016924,0.004931778446489397,-0.00045962534493071416,0.0002330340141259435,0.004904781171042705,nan,0.42347747122382473,0.4794561044431719,0,0.8017028760736011,0.003058192604656877,True,True,True,True,normal_completion,6.85073555200006,0.48499823487598653,0.3715694180139036,0.2220306917175595,0.3231971802708967,0.0,0.0,0.0,0.0,0.21156129451060038,0.963797110690469,0.8173065683991972,0.7725807523751275,1.5408433393104517,3.223117347904297,8.768486030682624,2.717149146602401,0.0,0.0,0.0,0.0,0.0,0.0,nan,False,8.768486030682624,1.4358531334595235,0.8177594889222619,1.1756689556824338,inf,0.0,1.072572016959137,3,4.692799868120765,1.3159511207251298,47.10007114691146,4.993230990976649,nan
servo_limit_relaxed,10,0,1.24,0.5,0.3844,0.3844,0.6944,0.0408936170212766,0.0408936170212766,0.07387234042553192,7000,7001,7002,0.08565265486396392,0.048591553559686834,0.067511967481857,0.020429695412073345,0.16767429206000214,0.01806362011537489,0.010352595134683945,0.009762185467488246,0.011127348316119867,0.03918122159792687,4.695310228085209,2.0742364030373106,0.008294319186858353,0.0006425397613648298,-2.8628161282934217e-05,0.0082693442216982,nan,0.438776858997928,0.49241225859347804,0,0.79481459522449,0.011823716163435931,True,True,True,True,normal_completion,7.450269021999702,0.4879942378908811,0.34797734731415536,0.23413907401229747,0.3301253627883738,0.0,0.0,0.0,0.0,0.2770652122934813,0.7233413590688487,0.9613178066545522,0.623148384665144,2.2066426976786797,3.327285538073395,11.102919191551964,3.1479956392976627,0.0,0.0,0.0,0.0,0.0,0.0,nan,False,11.102919191551964,1.436487219356898,0.8122070759083577,1.1670362457772223,inf,0.0,1.0747842809317802,3,4.411678820346413,2.384077543555672,47.099720714081016,5.186333838845645,nan
servo_limit_relaxed,11,1,1.24,0.5,0.3844,0.3844,0.6944,0.0408936170212766,0.0408936170212766,0.07387234042553192,7003,7004,7005,0.07745275664572343,0.04826221421879593,0.05671877137515042,0.02127602322836963,0.15629331520971604,0.01436447990985204,0.00908252171642204,0.006704670915516959,0.008882199629927534,0.036685508008078904,4.116624287986274,1.5731052651902329,0.0005500540281531005,-0.0004500913008090232,7.379401266313645e-05,0.00030746007630026717,nan,0.4342373216247828,0.36795295446003445,0,0.787994130497126,0.00992650994023791,True,True,True,True,normal_completion,7.177733739999894,0.4565634563177581,0.33071981530965044,0.22042035711202665,0.32099680311204465,0.0,0.0,0.0,0.0,0.19639916481913802,0.656588629955801,0.7711832969436393,0.5982045905919602,1.430541430800654,3.0663608886007454,9.227511317658369,3.145165947774393,0.0,0.0,0.0,0.0,0.0,0.0,nan,False,9.227511317658369,1.5451731519322918,0.7773466563994029,1.201269299446802,inf,0.0,1.076181335223445,3,2.0143968820047604,1.199565480430998,46.96756048472887,4.797729598948232,nan
servo_limit_relaxed,12,2,1.24,0.5,0.3844,0.3844,0.6944,0.0408936170212766,0.0408936170212766,0.07387234042553192,7006,7007,7008,1.4552402177959416,0.14481078338776707,1.2929005193485827,0.6520446116436863,0.36661507684327493,3.1421452160056544,3.1415115839017527,0.0007025388208881247,0.06309542865760202,3.144818814062921,57.84741843455031,0.0,0.09381736782766485,-0.0408936170212766,-0.0408936170212766,-0.07387234042553192,nan,0.0,0.0006791172063794649,0,0.050477916443117526,3.1413117075280392,False,True,False,False,loss_of_flight,8.690586837999945,0.5972372925485103,0.4632224623813617,0.274493119651316,0.4217115412681053,0.0,0.0,0.0,0.0,0.9249892396207764,0.9764177201872518,0.9386473422694087,0.963280206328298,10.4268713792595,15.562387387626874,13.441449266317925,11.150477998330802,0.0,0.0,0.0,0.0,0.0,0.0,nan,False,15.562387387626874,1.5437161364018361,0.7729688137204342,1.194560429650485,inf,0.0,1.0000000000000004,0,108.53121149753575,8.874892112265071,108.53121149753575,6.272127984235531,-11.145
servo_limit_relaxed,13,3,1.24,0.5,0.3844,0.3844,0.6944,0.0408936170212766,0.0408936170212766,0.07387234042553192,7009,7010,7011,0.0724802911067322,0.04394186700121222,0.053659173304824205,0.021052269322029422,0.1446689899762904,0.018197591603670706,0.009723124651176649,0.009257191600593684,0.01228485208952745,0.03689825004736991,4.467320859019652,1.7512096453807104,0.013697479661401666,-0.000865922404615728,0.00018147269263107252,0.013668876878717068,nan,0.4246931641842455,0.4258400083173992,0,0.7816838375275961,0.011351187967201049,True,True,True,True,normal_completion,7.047914366999976,0.5006219860140416,0.3758877210525764,0.2173231177470761,0.3320579471462329,0.0,0.0,0.0,0.0,0.2558108793570984,0.9650211924695654,0.9306408388751717,0.7171810080446228,2.7884980072039824,4.594679969529072,12.15508392087462,3.077580804941206,0.0,0.0,0.0,0.0,0.0,0.0,nan,False,12.15508392087462,1.4219367777934455,0.8227327472054908,1.1702817942213628,inf,0.0,1.074000319415455,3,6.100419014100012,2.8249827371143517,46.7918927054319,4.749908406497081,nan
servo_limit_relaxed,14,4,1.24,0.5,0.3844,0.3844,0.6944,0.0408936170212766,0.0408936170212766,0.07387234042553192,7012,7013,7014,0.8065835035796102,0.2452339300422808,0.4065316477494751,0.6520500649343373,0.36679511683013805,3.4768340828976236,3.141513011902979,0.0006919831787115776,1.4897217046153644,3.479817015855157,69.44110328293509,0.0,0.09381736782766485,-0.0408936170212766,-0.0408936170212766,-0.07387234042553192,nan,0.0,0.0006328001079295905,0,0.050397307459487256,3.139924876880447,False,True,False,False,loss_of_flight,8.572086704000412,0.6087856987088356,0.3858334531973906,0.29581655183553485,0.5146412255868812,0.0,0.0,0.0,0.0,0.9829439794316984,0.9793517465939487,0.9810368913152708,0.966960276040185,15.472654745317676,19.162974180939297,17.454100825982398,17.27621994466228,0.0,0.0,0.0,0.0,0.0,0.0,nan,False,19.162974180939297,1.5770838316849989,0.7760853664529691,1.223951683440305,inf,0.0,1.0000000000000004,0,108.62780491200216,12.844426906381234,108.7106935494714,13.210475185207594,-9.745000000000001
servo_limit_relaxed,15,0,1.25,0.5,0.3875,0.3875,0.7000000000000001,0.04122340425531915,0.04122340425531915,0.07446808510638299,7000,7001,7002,0.08563647608958422,0.04857994403455848,0.06749936916883353,0.020431109525687042,0.16765324699137474,0.018237934845501742,0.010421896524632776,0.009823430988885848,0.011291879554140237,0.03971878641976075,4.712701208057187,2.0776157371685855,0.008340747064522798,0.000640425155539498,-3.0321600924587688e-05,0.008316068651413072,nan,0.44062053019604447,0.4991178265286087,0,0.7948195152476254,0.011967699093092718,True,True,True,True,normal_completion,6.768326740000248,0.4884247735671032,0.3483611299450228,0.23906422566034213,0.34838244399558,0.0,0.0,0.0,0.0,0.3691018531354916,0.7953542866318964,0.9755417952431583,0.6650448863277748,3.235483901220281,4.346591900515891,12.222426957900046,3.142336453254113,0.0,0.0,0.0,0.0,0.0,0.0,nan,False,12.222426957900046,1.440777918254229,0.8106463056965036,1.1792699370007276,inf,0.0,1.0754144460434238,3,6.559327973253747,4.444370001055951,47.09971664296603,5.466730382588299,nan
servo_limit_relaxed,16,1,1.25,0.5,0.3875,0.3875,0.7000000000000001,0.04122340425531915,0.04122340425531915,0.07446808510638299,7003,7004,7005,0.07744430755351306,0.04824441537593937,0.056722347359335436,0.02127610085339506,0.15631340814486291,0.01445584563315853,0.009148484653232456,0.006728848158688623,0.008944233001023176,0.03708620891675642,4.126666946427135,1.5758990404151945,0.0005752395321279634,-0.0004487654936253527,7.403341090166105e-05,0.000352177661307837,nan,0.4355781703204667,0.37125783553400354,0,0.7879935696078237,0.010013692139045417,True,True,True,True,normal_completion,6.3283735850000085,0.4576518709979517,0.32280899683238173,0.2201046109054332,0.30793152445811406,0.0,0.0,0.0,0.0,0.19607719068920046,0.6624795696533805,0.7144601757348772,0.6052606914123613,1.4358045109110016,3.0553757195103657,9.136645761935991,3.144718706271222,0.0,0.0,0.0,0.0,0.0,0.0,nan,False,9.136645761935991,1.5513044562361895,0.7753085397020397,1.2027481310332733,inf,0.0,1.0768092201464716,3,2.678491804115964,1.5161618836265045,46.967556399588226,4.8505104704245126,nan
servo_limit_relaxed,17,2,1.25,0.5,0.3875,0.3875,0.7000000000000001,0.04122340425531915,0.04122340425531915,0.07446808510638299,7006,7007,7008,1.399937043190382,0.14228869513704318,1.2302311219283963,0.6527702802453759,0.36665630555249334,3.1415237760084973,3.1415185867256854,0.0007061172835137834,0.005666205269495969,3.1445181901483235,52.199626573347565,0.0,0.09457395950369442,-0.04122340425531915,-0.04122340425531915,-0.07446808510638299,nan,0.0,0.0006194778711734606,0,0.04955729544316863,3.1411531717030754,False,True,False,False,loss_of_flight,7.373156350000045,0.45952921644852046,0.45752920570405714,0.25912504482305465,0.4538377052885948,0.0,0.0,0.0,0.0,0.8728424070749475,0.9813588607968383,0.9483963887027068,0.9757957677278097,10.073289781820899,10.339405516031267,12.33594604418934,11.670053034034357,0.0,0.0,0.0,0.0,0.0,0.0,nan,False,12.33594604418934,1.5997818764822964,0.7645252248426224,1.22307359881678,inf,0.0,1.0000000000000004,0,106.9409821728488,7.63781857302744,106.9409821728488,5.902191320043397,-11.3375
servo_limit_relaxed,18,3,1.25,0.5,0.3875,0.3875,0.7000000000000001,0.04122340425531915,0.04122340425531915,0.07446808510638299,7009,7010,7011,0.8605537025583271,0.49866359507394686,0.2564319277999604,0.6527863052634976,0.36689491140811553,3.6631203710083833,3.1415149892432455,0.0007006014683318593,1.8839676042900035,3.6657264207608673,69.44112934638063,0.0,0.09457395950369442,-0.04122340425531915,-0.04122340425531915,-0.07446808510638299,nan,0.0,0.0006107678284286922,0,0.04924726997323066,3.1397076498254997,False,True,False,False,loss_of_flight,7.905828891000056,0.4891283926838181,0.3977079529597791,0.24408655677422256,0.42381517959080806,0.0,0.0,0.0,0.0,0.9781102383697066,0.9794201036140375,1.0018641521307734,0.9966659146185649,20.83360891393066,14.140512296531954,15.399820151926033,19.1533350537488,0.0,0.0,0.0002368421052631482,0.0,0.0,0.0002368421052631482,nan,False,20.83360891393066,1.587466829612195,0.7723440201398916,1.226070513021411,inf,0.0,1.0000000000000004,0,107.35925571871397,13.901781865143429,107.35925571871397,10.4970071452825,-9.247499999999999
servo_limit_relaxed,19,4,1.25,0.5,0.3875,0.3875,0.7000000000000001,0.04122340425531915,0.04122340425531915,0.07446808510638299,7012,7013,7014,1.0345585241530473,0.21837898521222104,0.7723456894575481,0.6527664932361008,0.36679146637920457,3.7493611979584935,3.141527787422115,0.0006901286114702352,2.0465854678791104,3.7527841313181893,69.44110804096891,0.0,0.09457395950369442,-0.04122340425531915,-0.04122340425531915,-0.07446808510638299,nan,0.0,0.0006355531382835188,0,0.049543697580401475,3.1400252983294012,False,True,False,False,loss_of_flight,7.831214289999934,0.48883046437337035,0.3979172849082062,0.22107930188895353,0.4956985752907937,0.0,0.0,0.0,0.0,0.9913702912273883,1.0189872181294128,0.8717939440693987,0.9765366911929316,13.966713514832788,14.056736779316513,14.528027141921012,13.962029025166236,0.0,0.0002368421052631482,0.0,0.0,0.0,0.0002368421052631482,nan,False,14.528027141921012,1.5872263132020825,0.7727560812903536,1.2266100640186597,inf,0.0,1.0000000000000004,0,108.62780491200216,10.175475527626102,108.62780491200216,7.440369954138305,-9.552499999999998
servo_limit_relaxed,20,0,1.26,0.5,0.3906,0.3906,0.7056000000000001,0.0415531914893617,0.0415531914893617,0.07506382978723405,7000,7001,7002,0.08561256774220968,0.04856726136334369,0.06747772439381093,0.020432561995794844,0.16763219812213379,0.01841947608128786,0.010493395619738492,0.009886685438038794,0.011463821288124653,0.040278707760765,4.730758484036668,2.081161004205063,0.008388836376153497,0.0006383125413605695,-3.217547568957341e-05,0.00836445441043121,nan,0.4424828360637595,0.5060104624621363,0,0.7948244890036585,0.012121885204395805,True,True,True,True,normal_completion,6.382417785999678,0.4882837851718401,0.4087066514522103,0.2518546714234806,0.3789107074785915,0.0,0.0,0.0,0.0,0.6835276029524675,0.9314232204908911,0.9763219784107462,0.7477003652396401,6.076007151763108,6.584640792282143,13.552644185215112,4.001596753306865,0.0,0.0,0.0,0.0,0.0,0.0,nan,False,13.552644185215112,1.4611846205940877,0.8054870491732707,1.1943477839640992,inf,0.0,1.0760496045385837,3,11.698848592591602,3.022017012475126,47.09971257185127,5.63577567004174,nan
servo_limit_relaxed,21,1,1.26,0.5,0.3906,0.3906,0.7056000000000001,0.0415531914893617,0.0415531914893617,0.07506382978723405,7003,7004,7005,0.07743201044692251,0.04822283263300441,0.05672389328499179,0.021276150622103234,0.15633399273023407,0.014552384820440889,0.009217730524520061,0.006753584830595913,0.009010795740414607,0.03749279018874628,4.137306569084027,1.5788154644840784,0.0006046528416713499,-0.0004474167648264443,7.42928353461847e-05,0.0003998798220837124,nan,0.4369151906673098,0.37468999269285536,0,0.7879926339379215,0.010101758880573734,True,True,True,True,normal_completion,7.080921241999931,0.4843198932682213,0.33951151845188254,0.2197904105880938,0.3184805136153111,0.0,0.0,0.0,0.0,0.19568597410403601,0.7617557545049368,0.6303302422088571,0.6181215157919647,1.0656814292719536,3.612202160465889,7.7540675786216795,3.143375594525601,0.0,0.0,0.0,0.0,0.0,0.0,nan,False,7.7540675786216795,1.55753892532639,0.77324580886046,1.204360446145656,inf,0.0,1.0774395144964894,3,4.947972285751987,1.3214699631508606,46.967552314447815,4.8923667640866855,nan
servo_limit_relaxed,22,2,1.26,0.5,0.3906,0.3906,0.7056000000000001,0.0415531914893617,0.0415531914893617,0.07506382978723405,7006,7007,7008,1.3378235054708505,0.10651455618621064,1.162490389030276,0.6534848709212838,0.36660870700508047,3.1415407683616405,3.141502790198672,0.0007094041744627762,0.015430981754467613,3.144548321681048,52.512614663470266,0.0,0.09533055117972396,-0.0415531914893617,-0.0415531914893617,-0.07506382978723405,nan,0.0,0.0006290000937406181,0,0.04885070837255154,3.1411329836120117,False,True,False,False,loss_of_flight,8.548470463000285,0.4772381958692363,0.4717143566825402,0.24314441773862763,0.4778344439444585,0.0,0.0,0.0,0.0,0.7341794181094706,0.981711982094851,0.9253388894457197,0.9810234108862345,10.484988778099245,11.415559649644987,13.317166444618763,12.008318654717284,0.0,0.0,0.0,0.0,0.0,0.0,nan,False,13.317166444618763,1.605626145372268,0.7637627560684008,1.2263174500050062,inf,0.0,1.0000000000000007,0,104.61050940198506,5.863022120662064,104.61050940198506,5.945076759991961,-11.5475
servo_limit_relaxed,23,3,1.26,0.5,0.3906,0.3906,0.7056000000000001,0.0415531914893617,0.0415531914893617,0.07506382978723405,7009,7010,7011,1.379176370061858,1.078724326506285,0.5580468903113689,0.6535020698929548,0.36700892756693293,4.211510531267271,3.1415194318957074,0.0006974652939131409,2.80493781170616,4.21428887323844,69.44112771262296,0.0,0.09533055117972396,-0.0415531914893617,-0.0415531914893617,-0.07506382978723405,nan,0.0,0.0006185075047998886,0,0.04830417107698971,3.140053550806056,False,True,False,False,loss_of_flight,8.38435134700012,0.5175520598144845,0.48596903990143714,0.3463871687942116,0.6647644661630743,0.0,0.0,0.0,0.0,0.9895319979483443,1.007500895993337,0.9521309607041605,0.9792231513523467,13.820788016842169,14.217989389450178,17.94908368656933,11.452201550820465,0.0,0.000499999999999994,0.0,0.0,0.0,0.000499999999999994,nan,False,17.94908368656933,1.5989732394535627,0.7660964005467933,1.22832587414818,inf,0.0,1.0000000000000004,0,108.62780491200216,12.302720754881094,108.72602929731688,8.73255619801269,-9.08
servo_limit_relaxed,24,4,1.26,0.5,0.3906,0.3906,0.7056000000000001,0.0415531914893617,0.0415531914893617,0.07506382978723405,7012,7013,7014,1.1310737052475262,0.3803028762618473,0.8412178530307748,0.6534906064754316,0.3668313753753674,3.6486370329965294,3.141528249563932,0.0006904963162987683,1.8556271120460315,3.6518916868903593,69.44110202003634,0.0,0.09533055117972396,-0.0415531914893617,-0.0415531914893617,-0.07506382978723405,nan,0.0,0.00070742230805638,0,0.048952917000675736,3.139460514164587,False,True,False,False,loss_of_flight,9.005241953000223,0.4855849907582471,0.43454199134235055,0.2207643479914274,0.5523121658275274,0.0,0.0,0.0,0.0,0.9938331752713965,1.0240316077984917,0.890782848033274,0.9782075053897443,13.891370906580246,17.389418231980112,14.569736308244375,20.674725408354973,0.0,0.00044736842105263613,0.0,0.0,0.0,0.00044736842105263613,nan,False,20.674725408354973,1.5996404788246068,0.7659682695525758,1.2320311865751339,inf,0.0,1.0000000000000004,0,108.62780491200216,10.55822043810255,108.62780494160495,7.757304038458836,-9.5725
